id,prompt,dsl_present,svg_nonblank
fa1d8fa7-080f-4269-a9cf-a17562c9a0ca,firewood stack cut logs wood with leaf illustration.,False,False
8fe82f3af89e487b31236ca829c3f071,"The image contains black geometric shapes against a white background, forming an abstract representation of a person sitting on a chair.",False,False
9e831fb6831745f4d15156b7a95e4f92,An orange hexagon with the number '13' inside it.,False,False
625181a2-600d-4db5-83c6-1a34676eb0dc,The image is a black and white representation of an eye with visible eyelashes and an iris.,False,False
8ba1bd7c-211c-43b0-a4aa-0e6e33c92486,A pair of men's underwear with a contour designed to cradle the natural shape of the wearer's lower body.,False,False
4e56e508270eb0d02291927638d3c685,"A single, dark gray outline of an abstract shape resembling a leaf or flame against a white background.",False,False
cc1df4dd3f0cc361daa667ee0f05eaf7,A cartoon illustration of a split pea pod with two peas inside.,False,False
8390a1ddd68fc7de495d11dffab32031,A blue circular icon featuring a white cloud with an upward arrow symbolizing cloud upload.,False,False
48fba8b033c732c00f1a288dfc34aedc,"The image shows a black line drawing of a boot icon with distinct elements like the shaft, laces, and sole, against a white background.",False,False
5f4a048069086cff1d5f8d424af1b8ca,A simple line drawing of a human figure with a circular head and body.,False,False
363e052b0457c60892eab6c887dd5b27,The image contains multiple gray arrows and zigzag lines arranged in a specific pattern against a white background.,False,False
d942c8be4045344396e6a113f7c58a3f,A simple black-and-white illustration of a gift box with a ribbon bow.,False,False
5486017c6c4d153449d07c7c4f7afbd4,"The image features a circular design with a light purple background, containing a central purple icon resembling a simplified couch or sofa with two leg-like supports at the bottom and two circular eyes near the top.",False,False
7e63b44725fd31b7ee98d8ba88fe29cd,A simple line drawing of a pencil with an eraser at the top.,False,False
5847d7d98926031f8b9ca1eb61fa7163,"The image consists of a single solid color: black, occupying the entire visible space.",False,False
c97c8f66ce177e81c529de16b5bd4118,A simple line drawing of an envelope with a folded flap.,False,False
e41ccb9c836340147df2ccb127e8dde6,"A black gift box icon with a white vertical stripe down its center and a white ribbon bow on top, set against a white background.",False,False
1bb91e93-817e-484d-859c-428ec68c30f9,"A dropper bottle icon with a simple, black and white design.",False,False
643a84fa96883ea934fdf60cd6b58513,"A black shield-shaped icon with a black checkmark inside, set against a transparent background.",False,False
d14ffebbc58e451c3d713e66e59414e0,"The image features two black human-like silhouettes standing side by side against a stark white background. Each silhouette has a rectangular head and a triangular torso, separated by a thin horizontal line representing shoulders. The left silhouette is slightly shorter, and both are positioned symmetrically with a central gap between them.",False,False
42ec3240e21ab822adca80d09707c527,"The image features a grayscale steering wheel icon with curved spokes radiating from the center, enclosed within a circular outline.",False,False
2dc79da3-62ee-49ab-815d-ebcd832cfd2d,A depersonalized face mask often representing the idea ofuyen to 8 anonymity.,False,False
25ac054b53cc1e9443ba87fbb4f3f25d,"A black triangular shape with three straight edges is centrally positioned against a white background. At each of its three corners, there are black horizontal lines extending outward to the left, right, and bottom of the triangle, creating a symmetrical design.",False,False
4a77266da26727f9ae4858d0a368d168,"The image features a single black T-shaped symbol centered against a plain white background, with a horizontal line intersecting a vertical line at its midpoint.",False,False
e3eb16f93299028540e0ca713c279086,The image contains a small red square bracket at the top right corner of an otherwise white background.,False,False
8d4aea82-e57e-4019-aff5-c8383c34c2a3,A black outline drawing of a fish.,False,False
42774b275712fad4243e86e2805aadc6,"A black icon featuring a stylized road tunnel design with concentric arches and a dashed line representing the road, set against a white background.",False,False
73d9382bff01f823b41e1b5956f067d9,"The image contains a simple, monochromatic line drawing consisting of a large black circular shape at the top, a curved black line extending downward from it, and two horizontal black lines below the curve, all set against a white background.",False,False
53265889-a906-470a-8717-f3af3c5e5ccd,A black silhouette of a person snowboarding.,False,False
b1ca02cfeedcd872a55c70ce6b3ff09c,"A black gear-shaped icon with a central circular hole, featuring six rounded protrusions evenly spaced around the perimeter against a white background.",False,False
2ee5815d274c932d7595db413c0d45a8,"The image features a light blue grid pattern overlaid on a white pin icon with an orange circular tip, set against a transparent background.",False,False
6ffc093dac031f57dedbff4c54ad6b53,A stylized red icon depicting a document with a pencil beside it.,False,False
805e13c9-09d2-4828-a754-1939092246f4,A person wearing a green shirt is holding their stomach and looking down.,False,False
f317b1db71a938871c811c8e3a64ff78,"The image features a single black microphone icon set against a white background. The microphone has an oval-shaped head at the top, two curved support arms below it, a vertical post, and a horizontal base at the bottom.",False,False
de3d096a9919e2d36bfab7d98f12471b,A stylized icon depicting a building emitting red waves.,False,False
6a23eaf9af94f1dc2c6757965b09958b,"The image features a black rectangular radio icon with a white circle and two horizontal white lines, positioned centrally on the right side, and an antenna protruding from the top left corner.",False,False
f82a1d17293a309f41c745a2dd9e3057,"The image consists of a black icon featuring concentric arcs emanating from a central point above a vertical rectangle, set against a white background.",False,False
fa6ccf7e-9549-47c5-8c05-0b96ec5d56f3,A cup of coffee with a spoon on a saucer.,False,False
a0e1e594-d8ab-43e1-a395-eeb8db7132a5,A black and white silhouette of a bottle cap.,False,False
db5e492cdd2ef3eff0a1a5798a2e1e03,Two blue gear icons are shown side by side against a white background.,False,False
18626b764590055f2aae6292fd38df50,The image features a simple black outline of a t-shirt on a white background.,False,False
af5c92c5dd805ba882bf2cf71f1c0da5,"The image shows a black envelope icon with a trash can symbol inside it, both set against a white background.",False,False
6514c1d3e873cde2d0b364aa72b94b03,"A blue shopping cart icon with a handle, basket, and two wheels, set against a white background.",False,False
85a815b47e2f89ffeb68de032151f56d,"A single black icon featuring a stylized bone shape with two cloud-like protrusions, set against a white background. The bone curves gently through the center, with one cloud-like shape located towards the top-right and another towards the bottom-left.",False,False
7768eaa8d8a3f4de8d722af327e6e4fa,The image contains a single black letter 'q' against a white background.,False,False
86eb9093f8e49aba9fee562bd0701ed4,A simple yellow sun with radiating rays.,False,False
0fddcd7d7cc5f4e47d3593536e7f797e,"The image contains a single solid color, which is black, occupying the entire frame.",False,False
58851b06-b2b9-4a7e-96f4-c057ecfcb03e,A black-and-white sketch of a person's silhouette on a badge or identification card.,False,False
afc35e09-e0b3-4005-85a6-5b9ea92ffc44,"A black and white image of theater masks, one sad and one neutral, representing comedy and tragedy.",False,False
dd69f2cfb431fdf4ced08f7255dd6970,A black Japanese hiragana character 'ã¾' is displayed on a white square background.,False,False
6f4c365ad0d7bba6930c3f3633213f66,A black outline icon consisting of three overlapping rectangular shapes on a white background.,False,False
43538b024f1f60fe918a5bf3940aea9f,"A black-and-white illustration of a simplified computer monitor with a rectangular screen area, two small circular feet at the bottom, and a central circular button below the screen, all set against a transparent background.",False,False
df01f46bd358f107b4919b94efb0b365,"A green cartoon-style car icon with black headlights, a black roof area, and a white horizontal line at the top of the roof.",False,False
58b9421f28c24d526023e8b1b2493325,"The image depicts a black silhouette of a security camera with a rectangular body, a protruding lens, and an arm-like support.",False,False
832a8032c3da6573c5530a5f6537486a,The image features a light blue icon resembling a microchip or processor with black text 'Â°C' centered on it.,False,False
9e331a32e09fbc708dea49b88027cd6e,The entire image is uniformly filled with a solid black color.,False,False
3ab946716c079e386eae3c608eb3e510,A simple gray alarm clock icon with two bells on top.,False,False
1b80bd25-ccb4-4041-9895-142e59610944,A simple landscape drawing with mountains and a sun in a blue frame.,False,False
2efc5bf83782701ffe988db621c4bef9,A stylized logo featuring a geometric design with Chinese characters.,False,False
7fc400bb5e93c44d6b63d0fdc6e0ff14,A blue outline of a floppy disk icon.,False,False
9e72c6dd78d3115435efdd77656d9cf7,A black outline of a rectangular object resembling a ticket or receipt with wavy edges and a dollar sign ($) in the center.,False,False
51638adddbb17dd52b7a860d091afea2,"The image shows a black shopping cart icon with a diagonal black line crossing through it, all set against a white background. The shopping cart consists of a horizontal handle bar, two vertical side bars, and a circular wheel at the bottom left, with the diagonal line intersecting the cart from the top left to the bottom right corner.",False,False
963bb1df7ab893b87b41941827c22f17,A blue arrow pointing to the left.,False,False
4b5eeb0941380dab5e4b7c21a36902b0,The image features a single black outline of a video camera icon against a white background. The camera has a rectangular body with rounded corners and a triangular lens protruding from its right side.,False,False
eba7feb3013e23adb23aa8432b5c6e40,"A stylized, geometric purple gem with sparkling highlights.",False,False
4e355e35dc8edb95b514e3487a9e13f4,"A microphone icon with a gear symbol next to it, suggesting settings or configuration options related to audio.",False,False
b7b04b9f8a1071aba9fe8401fad79678,A stylized walking figure with a red dot for a head.,False,False
59ba28b82776364e6d5c9b82b1ca33b4,A simple play button icon with a triangle inside a circle.,False,False
91348c0b0c69183ca7a5ce0c14d33d4c,A stylized map icon with a location pin on top.,False,False
f22a95ed-6e0b-40b4-bab4-03d1813e32ce,A line drawing of a closed cardboard box.,False,False
a90ccfad4269a659725a078c9c3385e0,"The image features a black, stylized arrow icon with a bold outline against a white background.",False,False
cca98eb919e4d42b9402b9a15ab7a27f,"A black abstract symbol consisting of curved and straight lines against a white background, featuring three distinct parts: an upper semicircular loop, a central intersecting cross, and a lower hook-like structure.",False,False
c954181c0f7068dfa557d5fa204a9ab3,The image features a blue Chinese lantern with a darker blue outline and tassels at the bottom against a white background.,False,False
d1357835-8e25-45f8-80ed-5c93caafd8ff,A simple line drawing of a two-story building or structure.,False,False
c4faf634-3023-4cec-b1d1-9e27c09ec28a,A simple black and white line drawing of a stylized hand gesture.,False,False
23fd0372-c4df-42f1-b3ba-d5b26911afd7,A black and white line drawing of a bunch of grapes.,False,False
10f4ee45-455b-4a12-af4c-4ad671cc88cc,This is an image of a key icon on a light blue background.,False,False
9d9983d2944a72fc057c2c1e38520157,The image shows the number '12' in white text against a black background.,False,False
8a256a06888539b2276f0728b298bcf6,The image features a single black infinity symbol (â) centered against a white background.,False,False
2396f2ab4dfe7860463ad9438b3e2608,"A simple black outline icon depicting a person with a head and torso, shown against a white background.",False,False
f141210c97daf31a237c6c01ff221ccb,"The image shows a single gray wrench icon with two distinct parts: an elongated handle and a curved head, positioned diagonally across the frame.",False,False
0185f3975d6a39f29003339669d98720,The image consists of a black outline forming a stylized arrow within a square frame on a white background.,False,False
976cb41e081a20f3c6b97d026a3b36b6,A stylized white 'S' shape on a dark gray background.,False,False
c106940a5f0dab81ce47beb97b6583bf,"A single black silhouette of a cricket bat is centrally positioned against a white background, featuring a rounded handle at the top and a flat paddle-like blade at the bottom.",False,False
4d0a2eb6-e631-4382-9bb8-6257a35e3c35,"A line drawing of a notebook with a silhouette of a person in the center, resembling an address book or contact list.",False,False
576645d5e68be36d97b63de0f127d453,The image shows a single black leaf silhouette with a white central vein against a white background.,False,False
8c53af1feb8b2428b55a56b03c7f7183,A stylized icon representing a resume or profile with a person's head and shoulders.,False,False
487dd547-7ba2-41cf-b5aa-08691b4e0d0b,"An illustration of a folder icon with contents visible inside, representing a file storage system.",False,False
dc2053c8-2c1f-4d5b-be7a-d1edb51b4d9d,The image shows a black and white logo featuring stylized mountains enclosed in a circular outline.,False,False
522dbb719a7af9320fbd1e283f4de091,"The image contains a black rectangular shape resembling a document or folder icon with horizontal lines indicating content, and a circular badge with a five-pointed star on the right side.",False,False
853ecc8c-4b22-49b1-b401-8fab84804e88,A black and grey skeleton key with a intricate design on the top and bottom.,False,False
e0db5eacebc21e859253d0b383a1ed96,"A black envelope icon outlined in black with a bold black 'X' symbol overlaid on it, set against a white background.",False,False
c91871a6-5f92-4f84-ac8a-758d5adcbf50,"A dotted outline of a ladder, with four rungs visible, against a white background.",False,False
5460b288-68cd-47b4-a7f0-3dcc7af46e22,"A stylized black and white icon of a pen nib or fountain pen tip, commonly used in graphic design or drawing software to represent the Pen tool or bezier functions.",False,False
20c327c57674a8cbc5960bf89e75aada,The image shows a black icon featuring interconnected shapes with circular and curved lines against a white background.,False,False
b031866f9839e47867bdf04be7c70179,A black-and-white line drawing of a briefcase with two rectangular buckles and a handle positioned at the top.,False,False
2027e68d0f0f12743d8b1b3e0bf7327d,"A green, minimalist icon of a person with two arms extended upwards against a white background.",False,False
90efed7b71ba491724756bbcbfc46734,The image consists of a light blue bell-shaped object with a purple semi-circular element at the bottom.,False,False
a94d05f0e0eb85e06839b5c1c5523a74,"The image features a black and white icon with a large circle containing a heart symbol, a smaller circle with a plus sign, and a thick black border around the entire design.",False,False
fa16ad7ec9e08db1119b96f54d67f1c8,The image features a black line drawing of a coffee cup with two horizontal lines representing steam coming out from the top.,False,False
a92453bd82b74a72badf504d9fb77bbd,"The image features two thick black lines forming a right angle, set against a plain white background. The horizontal line spans across the lower part of the image, while the vertical line runs upward from the intersection point on the right side, extending to the top edge of the image.",False,False
75cbc991cd88a5b0b0351a1e6d743a1d,A green circular icon featuring a white speech bubble with a green bar inside it.,False,False
e0fb222844234c7fde7149aa7a2c49e2,"A single black shoe silhouette icon with an open-toe design positioned centrally against a completely white background. The shoe features a curved upper part that flows smoothly into the sole, with a pointed toe area and a small cutout detail near the heel, all depicted in solid black lines.",False,False
cdfa7edfdde22df95c4872e946865b8f,The image shows a dark gray circular icon containing two black silhouettes of people and a black pencil-like object.,False,False
a77d3986e254202d345d504cf50c1593,"The image features a magnifying glass icon with a gray outline and a yellow lens, set against a transparent background.",False,False
639cdf9c5a3f7bb32fe2c924f9ed43c8,A blue icon depicting a hierarchical structure with a central node connected to three other nodes.,False,False
ea729a2f4580947d41485f3775bd5707,A black circle containing a stylized Japanese yen symbol.,False,False
39ae60955e6b585fc27304e970ce565e,A minimalist blue stopwatch icon with a circular design and two lines representing hands.,False,False
6afe00f782bd17861b66844966a4f5b7,"The image features a simple black outline of a person's head and shoulders alongside a circular shape containing a black checkmark. The person icon is positioned to the left, and the circular checkmark shape is to the right, both centered against a white background.",False,False
a53ec4a5f72d175bcab07aa5d4ca0825,"A black-and-white image features a central white rectangular area surrounded by a thick black border. Within the white rectangle, there are ten small black squares arranged in two vertical columns, five on each side, with equal spacing between them.",False,False
a95fdba762ea7be4d915dd4d03f5b2f4,The image shows a black arrow pointing downward inside a black circular outline on a white background.,False,False
b41d7e3e022e43081f5192ee07f4d4f7,"The image features a dark gray circular logo with a stylized lowercase 'f' in the center, set against a transparent background.",False,False
368f07a008f8a3e39b1497d2de618441,A simple line drawing of a folded piece of paper with a pen resting on top.,False,False
c40d4f88519b6bb02fe8fca55bab9fa3,"The image features two black chain links against a solid white background, where the top link is oriented horizontally and the bottom link is oriented vertically, intersecting at their centers to form a continuous chain-like structure.",False,False
5a89b390d26eb0c79fa762f9bb6e0ea2,A simple black paperclip icon on a white background.,False,False
1bdce14177d6c7d19c56eb84d7d8de03,The image contains two gray elements: an abstract representation of a person and a checkmark symbol positioned to the right.,False,False
869fc1019e4860633ff8ce833e1f44ef,"A black upward-pointing arrow and a black downward-pointing arrow are positioned diagonally across a white background, with the upward arrow in the lower left and the downward arrow in the upper right.",False,False
bb6a320a-f1b2-4bf9-aa51-67e34dcbd214,The image is a black and white drawing of a reindeer's head with its antlers and nose clearly visible.,False,False
795d07ed95526c906b164488ac16409e,The image shows a black silhouette of an acoustic guitar against a white background.,False,False
796221887d9b5a55ed27a7b445ca93da,"A simple line drawing of a cloud icon in dark blue, featuring an arc-like shape with three curved lines extending to the right.",False,False
f012d7256a7942d77f2f733d47b3c609,"The image features a black rectangular icon with a small protruding tab on the left side. Inside the rectangle, there is a white gear shape centered towards the middle-right area of the icon. The background of the entire image is white.",False,False
dea8c91b333fef2d0cad705d4556cbb0,"The image shows a black, stylized letter 'e' with multiple overlapping strokes against a white background.",False,False
d584789a90321b0e5b02f5b57b783d22,A simple illustration of overlapping paper documents with a light blue gradient.,False,False
7b09ab57cfb607da982fb06b6ba08ccb,"The image features a black-and-white line drawing of a simplified building with a triangular roof, two vertical columns to the left, and a rectangular entrance with three horizontal lines on the right. A small black star is positioned near the top center of the roof, and the entire illustration sits against a white background.",False,False
3c1afdf835e6b629d14ee7c0e78760e0,"A black key icon with a circular bow and a rectangular shaft, set against a white background.",False,False
b3dcd64a4e0748e091af2990909be3aa,"The image features a blue speech bubble with three black dots inside it, positioned centrally against a white background.",False,False
9a9563a6-a25f-4d01-8bc7-8da0cf5f5e45,A slice of pepperoni pizza with melted cheese dripping.,False,False
b17139fd16d7ace872ea8110329ecf21,The image features a dark gray outline of a martini glass with a lemon twist on the rim and a straw extending diagonally from the top right corner.,False,False
84225196-e3a2-4789-873c-6009be8dd608,"A stylized black and white icon of a laboratory flask, commonly used in chemistry experiments.",False,False
5a17ad6464e07133da8992dd3c52488b,"The image features a single blue geometric logo consisting of a rotated square with a curved line segment extending from one side, positioned centrally against a white background.",False,False
9255034c-9ca4-49a3-969f-aa56573be0b2,A red and white flower graphic with eight petals and a circular center.,False,False
566f44c1afbe084f8665c31b1396728d,"A black outline of two overlapping rectangles, one larger and positioned slightly behind the other, with a prominent black plus sign (+) centered within the front rectangle, against a white background.",False,False
11b43007370a4744a79048f67b5c90a4,"The image features a black line drawing of a rectangular icon with a curved bracket on its left side, three horizontal lines inside the rectangle, and a solid white background.",False,False
a18b36b0fa714d7f34575a027d1bc693,"The image shows a black clapperboard icon with white diagonal lines at the top, set against a white background.",False,False
37e8022f-243f-40f8-89f7-c5c056083469,Silhouette of computer CPU or microprocessor illustration.,False,False
thesantatitan_deepseek-svg-dataset_0001179,Generate svg code for an image that looks like: the x logo. Don't use markdown just give svg code,False,False
fd8b4b17bf2a56a32144b1e3fd080dc4,"A black outline drawing of a telephone handset, isolated on a white background.",False,False
a9f87cd9445715e6b87fbe34c18a0fcf,"A minimalist black silhouette of a bus viewed from the front, featuring a rectangular windshield and two circular headlights.",False,False
34c190727cce6d1ea6d41e76ec560860,A simple line drawing of a camera with black lines on a white background.,False,False
605476208ee5690024db67bb3db70285,A stylized logo featuring a blue square with a white 'f' inside it.,False,False
b4f79e0b2f72c1e7b9f8c4956be5a1f6,"The image features a single black numeral '8' centered in a white square, with distinct rounded segments forming the top and bottom loops of the digit, and a solid black bar connecting them vertically.",False,False
a198f33e-3ec4-4932-8a5e-8266f5ef9ee1,A person is feeding and holding a baby.,False,False
b185f9e6f195059e509da7cdd413babb,"The image contains two blue elements: the number '8' and the letter 'h', both centered against a white background.",False,False
616da53d0b6c10cb4b9658b6cf8f04c1,"A black outline of a camera icon on a white background, featuring a rectangular body with a triangular lens protruding from the right side.",False,False
2ecac2a7259aa42b1f34ae1ca7a84304,"A black-and-white icon featuring a cloud shape at the top and four horizontal lines below it, arranged vertically.",False,False
9a0c9dc7-ff3e-45df-9040-01ea6572ab3c,The image depicts a black and white icon of a covered serving dish typically seen in a restaurant setting.,False,False
8c32b0cc5f5d6cc5237154f5aefdad3a,A hand gesture with an arrow pointing to the right.,False,False
ddeb75ae62bcf0b9d4020fed43425249,"The image contains black Cyrillic letters 'РУБ' (RUB) inside a square, with additional decorative elements resembling crosses or X-shaped patterns in the corners, all set against a white background.",False,False
33712ead-2ffa-41ac-8b3c-450418e64526,A set of hands holds a guest's head in preparation for a Reiki session.,False,False
c321f45ec36cd318121742cf86b4bbe3,A stylized blue icon featuring a large white 'W' on a layered background.,False,False
3c4fae8973f3201cc56bf021d6c28a05,A simple illustration of a dark blue blazer with a single button closure.,False,False
6eca3b2c4fa89b8a75aae63e1e99d965,A stylized icon depicting a computer monitor with a blue gradient background.,False,False
4a4873e4c365c59b08392cb0a3e4a5a2,"A single black speech bubble icon with a white interior is centered against a white background. The speech bubble has a rectangular shape with rounded corners and a triangular tail pointing downward to the left, indicating dialogue or communication.",False,False
14e2bada9947c9771638f4c8de86a362,"The image shows two overlapping yellow folder icons, each outlined in black, with one partially covering the other.",False,False
037dde66e5c63733fa3d155d56e83a2e,"The image features a single black wallet icon with a white interior, depicted against a white background. The wallet has a rectangular shape with a curved top edge and a flap that overlaps slightly to the right, showing a small circular hole near the bottom right corner of the wallet's front side.",False,False
ebdf859d921b2cfdcb73d16f47016fcb,"The image shows a single black shovel icon with a white handle grip against a solid white background. The shovel has a slightly curved blade at the bottom and a straight handle extending upwards, with a circular cutout in the handle for gripping.",False,False
b3d2b3de67376420e0ce0999630c1b06,"The image features a black circular arrow icon on a white background, indicating a cycle or rotation.",False,False
3c45ef17a1f899dcd6bc21f857abedb6,A black silhouette of a person wearing a headset and tie against a white background.,False,False
3755d5181136c358d28f77501efc697b,A black speech bubble icon with three dots inside it.,False,False
774b94e6b5203b32b92364d81d1c0cc6,"The image features a single black abstract symbol composed of two interconnected circular shapes, one larger and one smaller, positioned centrally against a white background.",False,False
5006c58a2f008edfd4bfe6139810547d,"A black outline drawing of a flying saucer-like object with a domed top, a circular base, and two vertical supports, set against a white background.",False,False
fa49d1a6aab69014a23585aef9b4c490,A three-dimensional blue cube with gradient shading.,False,False
e9d61a4aae58d3751999c104886c311f,"A spooky, ghostly figure with glowing yellow eyes and a menacing grin.",False,False
da41b54baffda55195a4903087a9c0a5,A circular icon with a white line crossing over a stylized letter 'c' inside it.,False,False
3fddc9a0-5fcf-48ea-908d-8c87851d6407,A white crab symbol on a black circle representing the zodiac sign Cancer.,False,False
ffe0160c-355c-4abc-917a-9f8aa2df5f0e,"A blue padlock at the center of a grid with arrows pointing towards it, symbolizing security or protection.",False,False
dec247574ae1fceb82580da0c2636b78,"A black camera icon with white circular elements, including a lens and buttons, against a white background.",False,False
1bf0a4fd8b529954a7c4b755f5592e39,"The image shows a simple, black outline of a pair of sunglasses with two rectangular lenses, connected by a curved bridge, and featuring two upward-curved earpieces extending from each lens against a plain white background.",False,False
71229e9fb7139eaf508760275eacdeb2,"A black symbol consisting of an inverted triangle pointing to the right and a vertical line with a downward-pointing arrowhead, both positioned against a white background.",False,False
5cbc0b2b-a5b2-4f77-97bd-ba8c6d4ec74c,A black and white silhouette of an apple with two slots.,False,False
b58139c55d43e791697567363c8a4460,"The image shows a black-and-white icon featuring a square document with a checkmark in the center, a folded corner on the top left, and three vertical lines at the bottom, all set against a white background.",False,False
533830e799427ac90462e7bd2b8ccd83,"The image features a black silhouette of a telephone handset with two vertical lines indicating pause or hold symbols, set against a white background.",False,False
ea93e12ab3ba63800e57b92baacf3b89,The image features a dark blue icon with a crossed-out currency symbol (Â¥) inside a circle.,False,False
7aee9393-5a81-45ec-8865-e5f1ca18cbae,"A minimalist line drawing of two parallel lines with a third line intersecting them at an angle, forming a geometric shape.",False,False
ed3be894-4384-47ff-9e48-9e38d4943630,An icon depicting a document with a title bar and text.,False,False
bc765aee-0c85-4e1b-8e79-ca876ffc8c57,A menu or catalog page with a picture of a red beverage and text bullet points.,False,False
2b0ce303-8182-4b7f-90f1-379a2a350c41,"A geometric, black and white pattern forming a starlike shape with interlocking lines.",False,False
bb7dc129-a948-494c-960e-8a6728b3bac0,A black and white line drawing of a speaker icon with sound waves emanating from it.,False,False
9080bb03-1946-4d44-9f51-b7c1a6120940,An icon with three horizontal lines and an arrow pointing either up or down in between.,False,False
7dd1b6b7383bc19f38cb73a81dce5f14,"The image shows a black, symmetrical symbol composed of two teardrop-like shapes flanking a central vertical line, both supported by a horizontal line at the top and a small rectangular base at the bottom, set against a white background.",False,False
2edfc92eb5e00ba4e6d1f3d6d55bf7db,A stylized green shield icon with a white background.,False,False
f496d4356a37d545c2903fa36e493284,A green shirt is hanging over the edge of a white basin filled with blue water.,False,False
38b176737aaa3d129ece7d30211388ca,A simple line drawing of a document with horizontal lines representing text.,False,False
10054d5e97923c31d3f090a7be76cfec,A simple black silhouette of a person riding a horse with a saddle.,False,False
060d74da90afa9b3f8f14237c83d1970,A simple black-and-white icon depicting a megaphone with a handle on the left side and a flared speaker on the right.,False,False
d33e9257f3f4d1374dcda52d920d65d1,"The image features blue and orange geometric shapes forming a partial structure with a cross and an angular line, intersecting at an orange circle, with another orange circle nearby.",False,False
694eec9473b383b64843412844164b9a,The image shows a simplified blue shopping cart icon with two wheels on a white background.,False,False
07388aecbe3020febb41744d568c32e5,A musical note with two red dots at its ends.,False,False
efa84cbc19adddf53f8fded9de39185c,"A black line drawing of a stylized magnifying glass icon is centered against a white background. The magnifying glass features an elongated handle extending to the right, with a circular lens area marked by a diagonal slash across it.",False,False
4ceb2de56b8a4a667bab0cbe761d1dbc,A simple line drawing of an envelope with a diagonal arrow inside it.,False,False
08622d6ae1ffc2c7945fb76c5ee21b2c,A minimalist geometric illustration of a red cardinal bird with black accents.,False,False
fc6850e28ca47e7c4620a0a810b0a33f,"The image features a single black geometric shape composed of interconnected triangular and trapezoidal forms, set against a plain white background. The design includes a central vertical white gap that separates the two halves of the figure, creating a symmetrical and abstract composition.",False,False
4ffbff366fc8a0973cfe6f31d034bbff,"The image features a dark gray arrow pointing to the right, surrounded by four smaller square shapes, all in the same dark gray color.",False,False
49484c41779a745a90c961b0ed141a99,A stylized pink diamond with multiple facets.,False,False
0b846be714c0cb5d1d68af1ad1c5b4cf,"The image shows a white square with rounded corners, outlined by a black border, containing a black greater-than symbol (>) pointing to the right and a horizontal line below it, resembling an assignment operator.",False,False
0444cb0e-f24d-49ea-b958-61c50002b7f8,"The image shows the back of a bus with two rear view mirrors, a license plate, and various lights, including taillights and reflectors.",False,False
8dd45f18ee9d2a7d1e7b16fce184e99b,"The image shows a simple line drawing of a person shape with a circular head and a rounded body, all in black on a white background.",False,False
ee959eba320678966980b5266489ed0f,The image shows a black chain link pattern on a white background.,False,False
749dbb938050d35c5fcdf4f9d378d8a3,A blue ring with a Chinese character inside it.,False,False
712fb5ad9547a2a859eed9fc42f1cf8d,A simple line graph with an upward trend indicating growth or improvement.,False,False
cee975d169c6ff0d78bb5572b404ccf6,A black magnifying glass icon with a circular lens and a handle extending to the lower right corner against a white background.,False,False
d6d1dee2a2fde7b349762e48c63b6c07,"The image consists of a black silhouette of an abstract shape resembling the letter 'E' with three horizontal lines and a curved line, all set against a white background.",False,False
8b9186dca63a14a1480c50ae3001b884,A simple line drawing of a shopping cart icon.,False,False
5d08388622a8416c9f124edb303655ab,"The image features a large gray uppercase letter 'A' at the top, a smaller gray lowercase letter 'a' at the bottom right, and a blue curved arrow pointing from the lowercase 'a' towards the uppercase 'A'.",False,False
3c89ac21-2c9c-4285-993e-bb2ed4f4132d,A yellow line art illustration of a balance scale.,False,False
211ac579-e807-43a9-89a3-f8126433ed69,The image is a black and white silhouette of a pacman-like figure eating three Pac-Man ghosts.,False,False
b75b5b813208c3575eae23e7f8441c9c,The image shows a black geometric logo consisting of overlapping shapes on a white background.,False,False
e8aee3776894d20b70727aa265e3c8b6,"The image features a stylized magnifying glass icon with a solid purple outline and a horizontal pink line in the center, resembling a simplified 'Q' shape.",False,False
d960f5de-3ab1-41a3-8db1-853e895889ec,A stylized icon depicting a clockwise rotation or update symbol.,False,False
22df98911f5c5a5eabc508e739730daf,"The image features a dark blue tie symbol encircled by a thin ring, centered within a white background.",False,False
9ca610ffc3aa94ee90b8fad40f39f2ce,The image displays a single gray number '7' centered against a white background.,False,False
8e1fadf0ca78b939adfb003d4e011a0e,A minimalist pie chart icon with a single slice removed.,False,False
ab976da55b074a76089bd31cf654dc11,A simple line drawing of a tooth with a green highlight indicating a cavity or decay.,False,False
7d41f40dc025829b6c2c3f9370aa91ab,"The image shows a monochromatic icon of a megaphone with a simple geometric design, featuring dark gray lines against a transparent background.",False,False
68e2e535-32c9-48fd-a9f6-9c4b2c411e58,"A line art icon of a calendar with a check mark and a package, indicating delivery or shipping.",False,False
8c7c71f2fa98547406cb8e566921b0f0,A simple orange shopping bag icon with a white handle.,False,False
61b523b078eb8c534f9f61b1a98b3c59,"The image depicts a single black symbol consisting of a vertical line extending downward from a black circular shape at the top, with two black arrows pointing to the right, one at the bottom left and the other at the bottom right, against a white background.",False,False
233eefc40f52085d4f6005f113561a01,"A black outline of a circular shape is divided into two distinct sections by a vertical line, with one section containing a triangular shape that points downward. The entire design is set against a white background.",False,False
d47c83db86be1d46ff99cbff54fc0db9,A dark gray outline of a map pin icon on a white background.,False,False
6ac4b137-01f0-42d6-b8c0-95de2b9dd062,A two-tiered wedding cake with a heart on top.,False,False
7b9efac1b032eb8136bc0f107f0fe6e6,A simple line drawing of a pencil poised above a horizontal line.,False,False
a802656c9b712d3db0d6beb1cb1714be,"The image features a bold black graphic consisting of two main elements: a stylized zigzag shape resembling a lightning bolt on the left and a curved, arch-like shape on the right. Both elements are enclosed within a rectangular boundary that has a darker, solid black fill, providing contrast against the white background. The overall composition is symmetrical and balanced, with the elements positioned centrally.",False,False
349f7e64432849df0db439b6249505c2,A black shopping cart icon with two wheels is depicted against a white background.,False,False
da6187528883b34f87a786adfc557953,"The image features a blue icon with a square outline containing a black box with a wave-like bottom edge, two horizontal blue lines inside the box, and a darker blue curved line at the top.",False,False
1fb2fc7afab9adb52a5f1fb0daefa0fe,"The image features a black icon consisting of a rectangular shape with rounded corners at the bottom, two white circular dots on its left side, and an antenna-like structure above it, composed of three curved lines radiating outward from a vertical line at the center. The entire icon is set against a white background.",False,False
c9497e732d693769be0341de77468546,"The image features a light teal square icon with rounded corners, containing a white geometric design composed of a hexagon outline and a stylized 'Y' shape inside it.",False,False
066676c0-8181-4092-a6c0-29c7ce8342d5,"An icon of an arrow pointing upwards into a cloud, representing cloud upload.",False,False
08c4fe4b67eb5bde0560c776797a0b30,A silhouette of a person pushing a cart with boxes.,False,False
68576ccc57bb97748fa1cbe13f37d971,A black line drawing of a triangular network consisting of three interconnected circles arranged in a triangular formation against a white background.,False,False
4c16131d4cc415d991a52a9bcfe32b8d,The image consists of a single solid black color covering the entire area.,False,False
c673cfef632658ba00e3ce635f562901,The image shows a gray shopping bag icon with a single gray heart symbol centered on the front of the bag.,False,False
b964937ebec4f76d545638387655b38f,"The image features three dark gray tents arranged in a triangular formation, surrounded by five small gray stars distributed around them.",False,False
3aeea789ed0e181f35968bafa8dded49,"The image contains a single black question mark on a white background, with the dot of the question mark positioned below the curved line.",False,False
8f4cfa5a-fb08-4eb1-aea3-e3601a18be4f,"A black and white icon of a musical note with two spheres, representing a musical theme.",False,False
012864599f873514017c173770026982,"A dark blue rectangular icon with a folded top resembling an envelope, featuring a white Yen symbol in its center.",False,False
beed40817d966fca026c732b444c508e,"The image consists of a light blue trapezoid shape with a smaller pink rectangle inside it, positioned near the top center.",False,False
15816e0ecf760d38536ed9d1c1043ea8,A black silhouette of a female figure is shown against a white background.,False,False
25b3fc6e871febfd8a5aabf7dd75f3ea,A stylized illustration of a tall tower with a red dot at the top.,False,False
b3c9803cc62fa3a5074a40332ed1914b,A black outline of a clothing hanger with a curved top hook and a triangular bottom section is centered on a white background.,False,False
4b3c3ff3dcac0299c4c7c83307487357,"An abstract black-and-white illustration featuring a large black shape resembling an inverted triangle with rounded edges, topped by a smaller white triangular section. A single black teardrop-shaped droplet is positioned to the right of the main shape, and a horizontal black line spans the bottom edge of the image, all set against a plain white background.",False,False
2851c25b3ceb6e15363bd1e8e6b0b8e8,A light blue outline of a graduation cap with a tassel.,False,False
bf12a0c8-379b-4661-af84-94a26b15a80e,"A split arrow icon with two opposing arrows, suggesting a fork or a decision point.",False,False
ce54df39bd2cc3f034d0e9ad37b57e54,"A black speech bubble icon with three dots inside, set against a white background.",False,False
afda3458e088c1f3d2bf6ade3d448fa6,A black silhouette of an airplane is centered on a white background.,False,False
f79a5b0b-ca8a-492f-9edd-4c09fe80ad34,"The image shows a geometric design with the letters ""VN"" at the bottom.",False,False
30d5bc926cf885da954cfe2ed9bca5e0,The image features a dark blue logo with a circular boundary containing a cross symbol and a seated cat silhouette.,False,False
068efa43794f885e51025d7fd682f50e,"The image consists of a single solid color, which is black, occupying the entire frame.",False,False
fe163c205f88c88bd83c9eeefb5cf5f7,The image contains a single black outline of a magnifying glass against a white background.,False,False
592e346300a900eac1eb0fa0b32ae657,A minimalist icon depicting an abstract house with a pink door.,False,False
afe06d3bbc251bbd6aaeb0ebedf1191c,The image contains a single solid black color covering the entire frame.,False,False
f5195281cbde1f30eb5a15aa0fd70bbe,A black outline of a folder icon with a white background and a circular dot inside a smaller square on the right side.,False,False
3966e08c3d5f49f093bcf2c55a03afa0,A computer monitor displaying a rising line graph.,False,False
0c4c70a3672a69359fc35986cec3a40e,A simple icon depicting a satellite with three antennas extending from it.,False,False
c34bc238145cb0dcdd1ec8101ec219e0,A simple alarm clock icon with two bells on either side.,False,False
a76155e15411f7f5fd94bc02a4ab6941,"The image consists solely of a single solid color, which is black, occupying the entire frame.",False,False
ac2b7fa7392fe4da83562436461a28ca,"The image features a blue crescent moon shape alongside a stylized lowercase 'z' letter, both set against a white background.",False,False
f964d85da109fe4774a76a7b5acce9d5,A green icon resembling a television with a light beam emanating from it.,False,False
2559b460433538b805da78a4248053c4,The image shows a black folder icon with a heart symbol on its left side against a white background.,False,False
6171431e6fd4be7aec781fe6f86a7260,"A black-and-white icon of a camera with distinct components such as a lens, viewfinder, flash, and buttons.",False,False
09ffc9113cc361c62d1093d82385ccc9,The image features a single continuous dark blue line forming an abstract shape resembling a stylized head and neck with a bent arm extending from the side.,False,False
7794bf395f0e23235313e6f6b64824b8,"A black circular design featuring a central hollow circle surrounded by irregularly spaced, jagged lines extending outward from its base against a white background.",False,False
66065b7a-be96-4ad5-8d3e-2510c38e9312,An icon of an animated shield with an arrow pointing down.,False,False
bb383be6-efd5-4266-858d-26dd6e01382e,A basic computer layout with a keyboard and a mouse.,False,False
81aca13a-c934-4433-a8f9-847b9ab81581,a teal icon with a mountainside prisoner in a landscape scene,False,False
0bdead1c59587f304730dc559bd0077d,"The image features an orange folder icon with two tabs on top and a yellow Chinese Yuan (Â¥) symbol next to it, set against a light beige circular background.",False,False
c03c6485-765b-4c86-9bfd-4428fb1ef0b5,"A flat design illustration of a calendar with a clock icon, suggesting the concept of scheduling or time management.",False,False
00dc7f04-c2ce-441b-8ebf-431d6d23eaec,"The image shows a stylized umbrella icon with a simple, minimalist design.",False,False
2707ad13f72707b60f69c3811701c1b5,"A simple line drawing of a handheld gaming device with a screen, directional pad, and plus button.",False,False
fcbd3dd0f3205055864a080f786642fe,"The image shows a black silhouette of a bucket filled with water, depicted against a white background.",False,False
6d950c48fe42ed6b32b64f641d4d0f40,"A stylized icon depicting a pen in action, drawing a line.",False,False
57d5c6abde8998c16c29acd67057160a,A minimalist arrangement featuring four gray squares with varying shapes and sizes.,False,False
e4356d8c-b193-4988-8af7-46dbfa0b3906,A monochromatic drawing of a narrowly tapered thermos.,False,False
3aced3ceb1f4f809cc7362157856a47e,"The image features a dark blue icon of a document or paper with a folded corner and a horizontal line near the bottom, set against a white background.",False,False
92ed8fec183f86a232b1a1bad759b94a,A simple purple magnifying glass icon.,False,False
bf5739d50c3812db213e09c84aa7bece,"The image features a black, rectangular icon of a document with four horizontal lines representing text, positioned near its center. The document has a slightly curled top-right corner, creating an overlapping effect against a stark white background.",False,False
c6a4b8f080508bd24a33f1473686429b,The image shows a black silhouette of a shopping cart against a transparent background.,False,False
92bc76fd445cfb23162ecfb03f75c2a5,A stylized icon featuring a curved line on a green and black background.,False,False
b8039c02aeb5b7800f5ab6147c25d8da,"The image features a single black shape with a combination of geometric forms, including a large square-like structure and two letter-like forms ('M' and 'B') positioned centrally against a white background. The black elements are sharply defined, creating a stark contrast with the clean, solid white backdrop.",False,False
9c3614fc9c9de9db37b36b286e46921e,"The image contains a black arrow pointing downward with a rectangular outline around it, all set against a white background.",False,False
f3474be9579d8beda72d1541de40a444,A simple line drawing of a bow tie with a red square in the center.,False,False
a5d6d0951bccfe94265019f1b8c5ef39,The image features a bright green circular logo with two black leaf symbols at the top and a simplified abstract face shape in the center.,False,False
9f0782e6-9bf0-4211-9aad-0c6cd8714ac5,A pixelated graphic of a mountain with a snow cap.,False,False
14187d6297456d67ab32a78e4c8fcdf8,"The image features a black outline of a document or folder icon with a lock symbol, set against a white background.",False,False
6b6ad214135060900be917f659dccc26,A simple line drawing of a bandage with a cross pattern.,False,False
4826a16f417e94a83afdbf7e22e5a0a9,"The image features a black document icon with three horizontal white lines near the top, a curved fold detail on the left side, and a black circular checkmark symbol with a white checkmark inside it, positioned to the bottom right of the document icon.",False,False
23f7fa2f-ebc0-49d2-9aa3-fd1542efba96,A black and white icon of a Wi-Fi signal against a white background.,False,False
89e6603077a4021a00b49ba81da4f642,A file icon with a gear symbol indicating settings or configuration options.,False,False
69be32f9806b461e9e8b0af54791b968,A black and white icon depicting a window-like interface with three horizontal dots at the top and HTML-like bracket symbols centered within the display area.,False,False
45ec68713decbbbdc5d2da29f4a2e543,An icon depicting two overlapping cards with a peach-colored front and white back.,False,False
a65ab6b493eaec46d6a2a2a68c1be344,"A black hand icon is depicted with an index finger pointing upwards and slightly to the right, accompanied by two black arrowheadsâone pointing left and the other pointing rightâpositioned above the hand. The entire image has a plain white background.",False,False
e62aec99bb4aa8dd5bcf99ce23e8a3c7,The image features a blue hashtag symbol (#) centered within a blue speech bubble outline on a white background.,False,False
a4aaa1dea134b7ad933bc58f45a8abd7,"A simple, black line drawing of a ghost-like shape on a white background.",False,False
84cd7f9519a45bc7ae28c0fb77a6d54c,A simple black outline of a shopping bag icon on a white background.,False,False
d091e6693343180a934c1509fc164aaf,"The image features a black line drawing consisting of a circular shape at the top connected to a vertical rectangular bar, a larger circle below it, an arrow pointing downward, and a smaller vertical rectangle to the left, all set against a plain white background.",False,False
3ede34cac54e503b8f9805cc75fcd0d0,"The image features a gray silhouette of a person with an upward arrow extending from the right side, indicating motion or growth.",False,False
e7eab03a78edfdb3292458a0d110d5a7,A simple illustration of three overlapping green leaves.,False,False
8c5f5dc69089a16823a430a679e0e1b6,A black square with rounded corners contains a white checkmark centered within it.,False,False
f4d9e588ca3be28b2257c8bfea9d4f50,"An orange mug with steam rising from it, symbolizing hot beverage consumption.",False,False
d949e65e28d18212f411b315efd37426,"A cute, yellow lemon-shaped character with two pink cheeks, a black smile, and simple black eyes, set against a white background.",False,False
16233792e99370718b4d5da5b7c68332,"A black outline of a rectangular luggage or suitcase is depicted against a white background. The suitcase has a handle on top, a diagonal strap extending from the upper right corner to the lower center, and a circular latch near the bottom center. The entire design is simple and monochromatic, consisting solely of black lines on a white backdrop.",False,False
ee182160475a006959dad8bb4d6d6fbd,"A rectangular device with a gray top surface and a blue lower section, featuring eight small circular indicators: seven green and one yellow, aligned horizontally along the bottom edge of the blue section.",False,False
bf5e875f-ff60-41ae-83f4-fa434d44eac8,A black and white illustration of a baseball glove catching a baseball.,False,False
22d7d3facdcbf22bb0dbf76407b98b4b,A stylized illustration of a spray bottle with a purple body and pink cap.,False,False
cb8f6e2a3e24a2e03181ab6fd360e0c1,"A black and white image featuring a shield-shaped icon with the number '5' in the center, enclosed within a circular outline.",False,False
7f1a8304ece0d81fe025c385076708c3,A simple line drawing of a shopping cart icon.,False,False
8abac35e-2595-4967-9767-75547161362f,A printer with a document in it and colored tape flags.,False,False
9b9d1f2e-4e3e-401d-ab83-e99ec38e9e10,Pink and orange gaps of a tower.,False,False
f2d07302e18ae7d9776178dffceb271f,The image features a single black outline of an irregularly shaped figure on a white background.,False,False
thesantatitan_deepseek-svg-dataset_0004060,Generate svg code for an image that looks like: a watch icon with a black background. Don't use markdown just give svg code,False,False
02b8f76167c80dec8201c5cb4f15d3c3,A simple line drawing of a hanger with a folded towel hanging from it.,False,False
4d728b8028bde2a072dcf55f9830f137,The image shows an orange icon of a truck with a black outline and the text 'API' in bold black letters centered on the front of the truck.,False,False
beec5bc1456e6f7d7521aa7c5dcaa469,"The image features a stylized design with a green outline forming the shape of a number '5', a red star, and a black background with teal accents.",False,False
9cd0140cd4b2d2a32bf11812e2f7e238,A black speech bubble icon on a white background contains small black dots forming a pattern inside the bubble.,False,False
3968b3d2665d692e689b25976462335b,"The image contains a black line drawing of a simple human figure with a head and body outline, combined with a black 'X' symbol positioned to the right of the figure.",False,False
12b37b7b73f422373d7548407bfcbe8f,The image depicts a black silhouette of a three-drawer cabinet or storage unit against a white background.,False,False
09f2f0c8078e838e6d466dae721a98e7,"A black outline of a gift box with a ribbon on top, set against a white background.",False,False
90e00776-4d3e-4b89-9398-9480fcde7a3e,"A graphic of a hand giving a thumbs-up gesture, set against a blue circular background.",False,False
3dabbae64ac72c4159037593bfc10c52,"Two speech bubbles with one containing a pink line, symbolizing communication or dialogue.",False,False
36c10387fc114fd2117979d13f271868,The image shows a black upward-pointing arrow centered within a dark gray circular background.,False,False
b7eca035720fbc892f7694fb868ef297,A simple line drawing of two speech bubbles representing communication.,False,False
5161f5f9cb93e860ab0a5f3433e87fdd,A circular arrow symbol indicating a cycle or rotation.,False,False
2fca18de72c4a9c9cf0ded8580faacd9,"The image features a black diagonal slash crossing over a black depiction of a cigarette with smoke, set against a white background. The cigarette is represented by a horizontal rectangle with two vertical lines for filters, and two curved lines above it to indicate smoke.",False,False
5f083a92f86834d90e63e720f8951d02,"The image features a black circular design consisting of concentric circles and radial lines, all set against a white background.",False,False
190a66384392df4f5e812a5d0f2d4e96,"A black microphone icon with a simple, minimalist design on a white background.",False,False
8d678bec7789b4f45a5937fd3569e327,A simple line drawing of a bowl with a spoon and some food inside.,False,False
a768d35479dada1dae71da76807f058f,"The image contains a stylized black letter 'I' with decorative flourishes and a heart shape, set against a white background.",False,False
023d5f817a9967267a3dba34251f98df,"The image depicts a stylized, flat design of a coffee maker with a beige top, brown body, white stripes, a red band around the middle, and a brown handle.",False,False
de9aefbc28b32b7996b92dda6ad0d460,The image shows a pair of dark blue headphones with two ear cups connected by an arched band.,False,False
d51db1cba1c46a0de571af7d65e6ac18,"An icon featuring a dark gray cart or trolley with a handle at the bottom, depicted against a transparent background.",False,False
c973d2ca1c58f013c507decae31a0c26,A yellow square icon with rounded corners containing a white clock face with an arrow indicating a circular motion.,False,False
45486555-9f01-4a7e-8432-3734af76555c,A black and white checkerboard flag Flying in the wind.,False,False
e806d9f46ba842485ff904bfcd677b0e,"An icon depicting a black headset with two circular ear cups and a coiled microphone extending from one side, set against a white background.",False,False
ea45dd1338d4e9dbf629a33711d73ae4,"The image shows a simplified blue wrench icon with a light green circle at the top, indicating the head of the wrench.",False,False
5a7b83c366f20f47b4fee61d4ed46672,A stylized icon featuring a yellow speech bubble with a black 'Q' and a white speech bubble with a pink 'A' on a green background.,False,False
4a082d8ce70f07f2c8ec4343fb09607e,"An image featuring a black outline of a stylized 'R' symbol against a white background. The 'R' consists of a large vertical stroke extending from the top left to the bottom left, a curved horizontal arch forming the upper part of the 'R', and an 'x'-shaped crossbar in the lower right quadrant. The overall design is simple, with clean lines and no additional elements.",False,False
2bc39245-d640-43d8-9530-b286f936c0ba,A shooting star with a bright tail and small starbursts surrounding it.,False,False
56a3f65b116a470d99c361fc2adfd5b0,A simple line drawing of a wrench.,False,False
d0dd63edc498d8af5ad88feec3a3aa45,"A black outline illustration of a simple teapot-like object with two handles, one on the left side and one on the right side, viewed from the front.",False,False
019dc4ad-a0fe-4399-ac43-08b3934069f1,"The image shows a stylized icon of a pin or marker, which is commonly used to represent location or marking a spot.",False,False
252a142060baed151fbdfe5c6e3b0dfb,"A black shield-shaped icon with a white plus sign (+) centered within it, set against a white background.",False,False
0dc5c2d18af6c533f3bb0b897c4b0b92,"A bright yellow lemon illustration with a cross-section view showing segments, a stem on the top right, and three small orange spots near the bottom right.",False,False
8c08a58c7f37e1a9dbefae50a6cc9f88,A stylized thumbs-up icon with a teal background and purple outline.,False,False
1dc699e6e000b9c92aeae85d6eb4be64,"A black icon depicting a printer with an arrow pointing downward, set against a white background. The icon features a rectangular base with horizontal lines representing paper output and an upward-curved handle. A triangular arrow is centrally positioned above the base, indicating a download action.",False,False
8f8a6b6a8f41bcf6e6d82b9963c602f2,"The image features a black icon composed of geometric shapes against a white background, including a large square with a smaller square inside it on the left side, three horizontal lines stacked vertically in the center, and a diagonal checkmark crossing the lines from bottom-left to top-right.",False,False
df6bd5343885ca965f03d4161ca708ca,A stylized icon depicting a yellow document with text lines and a curled corner.,False,False
48c87959-d450-4a1b-bfd2-9b98e92ead19,Green monster with red hair raising its fingers as a white background.,False,False
a1fd86df-eeda-4f7b-b38e-3600927245b9,"A person holding a gavel, likely a judge or auctioneer.",False,False
39698809c3776f5cf8b4addb39a847b3,A black magnifying glass icon on a white background.,False,False
ac257ce0ad3fc16513c55487a6e0eec8,"The image shows a three-dimensional cube rendered in grayscale, with varying shades indicating depth and perspective.",False,False
eca474d62ec9c844fb98d910e5b4bddb,A stylized icon depicting a blue bookmark with green lines.,False,False
4bdabc5bd786e2ab60383e19c1089f76,"A black outline of a simplified human figure with a circular head, two curved lines for arms, and a rectangular torso, set against a white background.",False,False
9fa4222ec7965d5d3df86cd6b7967041,"The image features a stylized, abstract blue figure with a red smiley face above its head, set against a white background.",False,False
3332a2eeb90d4b8ace89ce52e857c0f1,A simple blue icon representing a generic human figure with a circular head and rectangular body.,False,False
90a05b017060160c10ff6d99d5899d03,A circular icon featuring the Japanese yen symbol inside it.,False,False
c3ce8e79074302a57f484a046a013c36,A blue hand icon is pressing a button with a circular outline.,False,False
9505dcfe12be5fffcbb4ba231515c977,"A black speech bubble with a curved tail on its right side contains four white circular dots arranged in a diamond pattern at its center, set against a white background.",False,False
74f6eac8-62ee-4eb8-8011-46240d04e009,"A blue graphic depicting crossed lines forming a shape, with a shield-like outline蠢吧.",False,False
6ad7c2e050bff53dcea032cf7583bf0a,A cartoon-style illustration of a cheeseburger and a drink with a straw.,False,False
c3db0c52ced2e11be751309c2556006d,"The image contains a black icon on a white background, featuring a document-like rectangle with three horizontal lines inside it, accompanied by a circular shape with a plus sign at the bottom right.",False,False
2a1c12b0d51a179892d195533f7f596c,The image consists of a white outline of a kitchen knife inside a rectangular frame on a black background.,False,False
c9b6722769932bb1efc2f6bc12ed7d65,"A document icon with a red circular arrow around it, symbolizing data exchange or document circulation.",False,False
b38e1c566cfcb22ad3f533f433cd0733,A black outline of a briefcase with a circular download icon placed partially overlapping it on the right side.,False,False
b8029140c5fbb9821be9425c7fd82df5,"The image displays a single black shape resembling the letter 'e', filled with bold black color and outlined by a thin white border, set against a plain white background.",False,False
5d7ea50b7cbde896eda454af884fd39c,"A paw print icon is centered within a rounded rectangle, both in dark gray color against a white background.",False,False
5dcad18dd9f772a1ad8cd21e85dc0d22,The image shows a gray cloud with an orange lightning bolt emerging from its bottom right corner.,False,False
45cc90ae5276bda487c4d20efc9f681c,A simple gray wave-like shape on a plain background.,False,False
fdd6dae79b074bc46f43126e1bd6c938,A single-eyed emoji with a surprised expression.,False,False
a2d1fb8c976851526db46bd0a62df319,"The image depicts a simple black outline of a cupcake against a white background, featuring a rounded top and a scalloped bottom edge, with a small semicircular handle at the top center.",False,False
7ab9719066edb519fc70aaeb07eb4e06,A rectangular frame with two open brackets at each end.,False,False
eb25bd8aa69ff58fffe2f50db471c4a9,"The image shows a dark gray, abstract shape resembling a stylized letter 'L' or a simple structure, with a small circular element to the right of its base.",False,False
72eb0386899d377cdfcf670007ebfad4,"A black and white icon depicting the front of a train with two circular headlights positioned below a rectangular window, enclosed within an arched structure.",False,False
929aa50770012fcc29ea7619e1979620,A black question mark is centrally positioned inside a thick black circle on a white background.,False,False
f7999d677294f41a6a77f628b2369578,"The image shows a black outline of two overlapping rectangular shapes on a white background, with one rectangle positioned slightly behind and to the left of the other, creating a layered effect.",False,False
4c8f301dc3b7a2b9427069599408694a,The image features a light blue snowflake with six symmetrical arms extending outward from a central point against a white background.,False,False
112ba24ae9e0c6f096b9128625f8832c,"A black arrow icon with a bold downward pointing arrow and two curved lines on either side, set against a white background.",False,False
b42bf4c9f5cff809206c1566a65665f6,A black-and-white symbol depicting a prohibition sign with a crossed-out lightning bolt inside a circle.,False,False
0a36304dec03e1ea2fcd956c4bb7d3a1,A stylized pink flag with a curved line leading to a location pin.,False,False
fc0c62d5010d40dbdc422b9877477348,"A mitten with a heart symbol on its palm is depicted in a simple, cartoon-like style.",False,False
e5217d6123baf58c5d7ef460fe54cd7e,"A white rectangular icon with rounded corners containing a black gear-like symbol at the center, flanked by two horizontal white lines extending outward from the sides of the rectangle.",False,False
bb003bdd403f4a9bad8b1c3b138f4060,"A black circular outline contains a black arrowhead pointing left, set against a white background.",False,False
93fcb2f3193c0a05e3e025c37b99ca8f,"The image shows a black compass-like tool with two arms and a central pivot point, set against a white background.",False,False
01632c497e0bafb8ff07907f753a0fa8,A green outline icon of a potted plant with two leaves emerging from a pot.,False,False
a1546bb46e3d70ff4ebbb688ece1535f,A simple line drawing of a cylindrical object with a dome-shaped top and a curved handle extending from it.,False,False
c0a634bc156f907ad148fff33e08a797,The image features a black speech bubble icon with three white circular dots arranged horizontally near the top center.,False,False
9720d368bcaebe97328d60764b349438,A simple black and white icon depicting an umbrella with a stand.,False,False
3cd203f594485bcf83054c3bebea8100,"The image features a white circle with blue geometric shapes including rectangles, lines, and symbols, along with a plus sign in the top right corner.",False,False
00f708cd3f4a7792afcfb4bc6dcb4017,An open book with a bookmark inside it.,False,False
34031d8d633b61cb8e6c5adf5ca66906,"A black shopping cart icon is centrally positioned against a white background. The cart features a horizontal rectangular body, a vertical handle at the top left, two circular wheels at the bottom, and a small horizontal bar near the base, all rendered in solid black with a clean, minimalist design.",False,False
c7b3eca840b6f51565368e521d493bf7,"The image features a design with blue and cyan lines forming geometric shapes within a square boundary, accompanied by a small blue dot.",False,False
8ff07cf9f7a1ac4cf1b990630c754913,"A black-and-white line art illustration of a bus with a face-like design, featuring two circular eyes and a straight mouth, drawn on a plain background.",False,False
ceb70ea6-74e0-4754-adbc-328208cd8ea3,A swimmer wearing a purple swimsuit and goggles is performing the freestyle stroke in the water.,False,False
0e2acc081df1ca0ea866498eb9da99ba,"The image contains a black curved arrow with a straight segment pointing downward, set against a white background.",False,False
9bc27fa8e926dec612e192735d63911e,"The image features two light blue industrial smokestacks with gray bases and tops, positioned side by side against a white background.",False,False
a039891794356a93f0b690fc9bdc1a54,A black silhouette of a simple house icon with a triangular roof and a central white window.,False,False
2de7509b-b4b1-44c9-b134-e79d09773c1a,A black and white image of a linked chain symbol.,False,False
08bb21af456700fada1ac15ec4d32754,A colorful rainbow arches over two overlapping clouds against a white background.,False,False
45edfe755f4b2466bbf0d84ea7d15401,"The image features a blue icon consisting of a large square outline with an inner search symbol (magnifying glass) and a curved arrow pointing left, all set against a white background.",False,False
7b8fc50363222eaf0d9371d86bb448e7,A stylized arrow pointing left with a geometric design.,False,False
a9805813b67720210604c1200c2da2b6,"The image features a black-and-white icon of a shield-shaped object containing a stylized circuit-like design with two circular connectors and dashed lines forming a path within it, all set against a white background.",False,False
d3d3a5bc95f33a9ea00a407f3a8ee393,The image shows a simple black shopping cart icon on a white background.,False,False
72d63427fdc2f627b08d5dfaa6a9918e,A simple gray thumbs-up icon representing approval or positive feedback.,False,False
8a7cd1257fb803546c12a12cc321b485,A black curved arrow icon on a white background.,False,False
af7d4afb-4071-40e3-bcfe-2a5587e2dfe3,Black and white illustration of a laptop with graphs and symbols representing technology and data analysis.,False,False
aa9f193d583a18aab0b2792f8a98f1fe,A simple line drawing of a cloud shape.,False,False
323e864133b581e07a8c628d290bd4e7,"The image shows a blue icon consisting of three interconnected circular loops connected by straight lines, forming a share symbol against a white background.",False,False
b21a4952f41284c5698fc67c88e64868,The image features a single black spiral symbol centered on a black background.,False,False
64c0fdcd4bf1913d365cacdad36c2fe1,A minimalist design featuring two overlapping letters 'X' and 'Y' in grayscale tones.,False,False
a062b36a-c983-41ea-9902-76638bc8be53,An illustration of a lemon outlined in yellow.,False,False
949609e244d614218b23f50c5509c614,"The image features a square icon with a light gray gradient background, a smaller white rectangle in the center, a green dotted line forming a rotated 'L' shape at the top-center, and a blue outlined triangle at the bottom-right corner.",False,False
85332760f9d829ead4a9d30ffc913d6a,A simple black triangle with three circles connected at each vertex.,False,False
dd968c952a9ed6b1e3af66e050aca87a,"The image features a three-dimensional cube depicted in dark blue lines against a white background, with two horizontal darker blue lines on one of its visible faces to represent handles or markings.",False,False
e58231d097154095199ff717ddde87be,A simple line drawing of a sad baby's face with a frown.,False,False
8e5161fdce365e61dd324aa6f48d1de5,"A black curved arrow pointing to the right, set against a white background.",False,False
ffdc11c523d214880eb61c0857311836,"A black shopping cart icon is centered against a white background, featuring a curved handle at the top left, a rectangular body with a horizontal line indicating the base, and two circular wheels at the bottom right.",False,False
aa1d1c5dd44400b0e1ad5a37e2a3b90c,"A black-and-white illustration of a film strip with diagonal lines crossing it, indicating cancellation or prohibition.",False,False
9171df5f-f639-4e1d-8617-9aad32be2aa5,A red lobster with large claws and black eyes.,False,False
62ca2f05e5976f9b8ebcd1f20bb36ee9,The image shows a grayscale representation of a video game controller with distinct buttons and analog sticks.,False,False
dff7ef4393f1895cbb07b7d19d29ad23,"The image features a green triangular outline with a black abstract shape inside, containing three green circular elements.",False,False
f750e4869f90de864f0e6d29eae3b512,The image is completely filled with a solid black color.,False,False
4ab37b21a628826e513eba1b782f84ea,A black and white illustration featuring a cloud shape with a key inside it.,False,False
46535b644ad9b85b413dad8b13ae1edd,"The image shows a purple circular icon with a white speaker symbol in the center, indicating audio or sound functionality.",False,False
e32f4ccd3fdc9b9fed8eeb427b68306a,"The image contains a black illustration of a hand fan with curved lines representing the spread of air, set against a white background.",False,False
0db43ecb-1c8f-4efb-bb0e-097d5e9d0d4d,"A speaker icon with concentric circles and corners marked by black dots, representing stereo audio equipment.",False,False
2d829d14f389f6ac8a11d4a4542f3739,A cartoon character wearing a headset with a pink circle on its face.,False,False
386b7d92-a6fa-4005-abfc-50d67387cc7f,A smiling ghost icon with a friendly shape.,False,False
1370d580a7e7a91afcbbfed1cc0f800a,"The image shows a black outline of a location pin with a house icon inside, set against a white background.",False,False
96f5b41df88bd3c1a0f1348567f3b6cb,A gray circle containing a stylized Chinese currency symbol (ÃÂÃÂ¥).,False,False
244cd227d650008ad779e4449c685ac3,"The image shows a gray shield icon with a magnifying glass icon inside it, both on a white background.",False,False
426aa538ac3f297b151503a0eae1889f,"The image features a blue and gray square icon with a white silhouette of laboratory equipment, including flasks and a droplet, set against a solid light blue background.",False,False
9d3d65b9cef63049b3da71481aa360c3,The image shows a light teal circular icon with five dark teal wavy lines of varying lengths arranged across it.,False,False
8be2785241ad8588627189631f7b45b2,"The image shows a white silhouette of a person against a black background, featuring a rounded head, collar, and shoulders.",False,False
92edbc425cf8eb1429203b38912144e1,The image contains the word 'SONOS' written in bold black letters centered on a white background.,False,False
1746e618853fd17448f2740f90622e42,"A slice of cheese with a rind is depicted in a simple, cartoon-like style.",False,False
af4a0c3d71c82e28ce9d41f9ee8c4c2d,The image contains a solid black color occupying the entire space.,False,False
46a4faf1ae6a4426e6e96a35abb5074f,A simple emoji-style illustration of a person with short brown hair and a teal shirt.,False,False
b49e57348a42e770f507d12b21652c1f,A stylized icon depicting a document with a clock symbolizing time management or scheduling.,False,False
9872f10883b923d198db1dc9bc62d15a,The image features a single black symbol consisting of overlapping letters and lines against a white background.,False,False
ede87c9406eefbb3f9a689b9f30201c6,"A black microphone icon with a rounded top, a vertical slot in the middle, two curved side supports, and a straight stem extending downward, set against a white background.",False,False
8b55d958-cd2e-4e51-a940-beea6b96e718,"A black and white icon depicting a ""no"" symbol.",False,False
4e8dcd0d52b5e39bb8b0a63594d25e50,"The image depicts a blue line graph icon with a light blue background, showing an upward trend on a square grid with axes.",False,False
2e44a78926bf2e58f9839493a4fb9a3a,A simple illustration of a presentation board with a circular object and an equal sign inside a pink rectangle.,False,False
d3dd2646d2862a60cedd6f8ce7112a34,A black lowercase alphabet 'q' on a dark background.,False,False
2e6d4bee953ce3099164392bbf49529e,The image contains a single blue magnifying glass icon centered on a white background.,False,False
65ca56724f8e271537ee048c58f5fc66,A magnifying glass icon used for searching or examining.,False,False
4f0f1ca31425d5e73907dd50ad5ea209,The image features a teal-colored icon of a storefront within a light blue circular background.,False,False
8b78ab189bc74d57e94affa65ed64547,"The image depicts a turquoise graduation cap icon with a white outline, featuring a square cap, a tassel, and a cylindrical base.",False,False
4b50219c5f811a4a2246f70fc8778fb7,"The image features a single black icon resembling the letter 'g' composed of smooth, curved lines and shapes against a white background. The top of the 'g' includes a large black circle, while the bottom features an elongated oval shape. A curved line extends diagonally from the upper right to connect the elements, creating a continuous flow within the design.",False,False
f7e100176f3abaa371f2be1f2591b052,The image features a single black bag icon located towards the bottom right corner of a plain white background.,False,False
7be87f50d6ce946ddf06aa2699e8fc7d,A blue wine glass with a lightning bolt symbol inside it.,False,False
ad497666ac65587fce985d7623871ae7,"The image features a black outlined icon of a camera with a rectangular body and a triangular lens located to the right side, all set against a white background.",False,False
59433b6bf3dc2b8185aad87ff88b37e9,The image shows a black icon with multiple horizontal lines and a bookmark-like symbol inside a rounded square border.,False,False
cccde842a9770067e91c4fe35cb36e05,A document icon with a strike-through symbol indicating cancellation or deletion.,False,False
60782d20cc8bfb457db8081589abf190,"A blue circular icon containing a white outline of a house with columns and a crane, symbolizing construction or development.",False,False
52b768babdfab2dde3b7f5754ab0356d,"The image features a black cloud partially covering a sun with six rays, along with three raindrops falling from the cloud.",False,False
c06c776d341830fe0656ce80a4837c43,A cartoon-style light blue shoe with yellow circular details and black accents.,False,False
69f9025a676799aa7c78d9391f364e42,"A black circular shape with an arrow pointing clockwise, set against a white background.",False,False
b4055e74149d72b39af4bb6ed912d4dd,"The image features a black geometric shape consisting of a cross formed by two thick lines intersecting at the center, with four triangular extensions pointing outward towards the corners of an implied square.",False,False
0ab856c569e714140199edcea3bf4b1b,The image features a black lightning bolt symbol centered within a light gray circular background.,False,False
ecccb36d-f9f3-405b-aec4-692a0b41c947,Text editing,False,False
aced284fc4b70f07ffb942630def4b70,A simple diagram showing three connected blue circles with black lines.,False,False
71c80fc88d513e986ada1a2c216f27fa,A simple line drawing of a person riding a bicycle.,False,False
2416e0ec038a44a6796b03e1ca47e793,"A black telephone handset icon is centered on a white background, with the handset depicted as a stylized, curved shape that includes a circular handset section and an elongated, curving cord-like line extending from it.",False,False
651d77d6513bb3bc5015b268b2478288,"A black figure on a white background, consisting of rectangular and angular shapes forming an abstract design.",False,False
4c7f68ff837be67b255daa570abe07fb,"The image shows an orange beanie hat with a pom-pom on top and a folded brim at the bottom, all set against a transparent background.",False,False
f306de31c0bd997ca6d12994325dd787,The image features a black crescent moon with two black stars positioned against a white background.,False,False
4e7b4e261c3e2bd62b06b2ac9aa91aa1,"The image shows a black musical clef symbol (G-clef) with a diagonal black line crossing through it, both elements set against a white background.",False,False
ddad0ee9440251e63a9cec90b10d6ec6,"The image shows a black silhouette of a car viewed from the front, featuring two headlights and a grille, set against a white background.",False,False
b7c33256-268d-48b6-8e2e-3a1342b81df1,A black and white illustration of a man with short hair and a beard.,False,False
4186c0e597bd570c83b7b206d4115e16,"A simple line drawing of a human silhouette in grayscale, featuring an outline of a head and shoulders against a white background.",False,False
22ccf1fe0913a4ba90e8fe9f959512bc,"The image depicts a colorful electric drill with a yellow body, gray handle, and orange accents on the side, featuring a metallic chuck and a bit extending from it.",False,False
9ef67cc04c109544fd8ca5096e5f56d7,A simple icon depicting a sun partially obscured by hills or mountains.,False,False
c0b082b5-a6d8-4b0f-98f2-d4856daffb78,A person is wearing a light purple shirt with a gray background.,False,False
6a10a30f5106b16c5a03380efb724236,A simple illustration of a cloud with three raindrops beneath it.,False,False
3e5e60d596b309856a54fb4a70f7d0fb,"The image shows a blue bell icon with a light blue inner section and a darker blue outline, positioned centrally against a white background.",False,False
d85928edea1d03e330c870425e4ca375,The image features a black silhouette of a coffee cup with a handle on the left side against a white background.,False,False
7b4a2d22-bc7e-4231-b39c-2c9c075d0d99,"A cartoon character of a teacher with dark hair, glasses, and purple clothing, holding a red book in front of a chalkboard.",False,False
d708199af57645920649bf70701ad00b,A black icon featuring a document-like outline with horizontal lines and a triangular element on the right side.,False,False
3882854a55bd3395269935f3dfaf0e04,The image features a blue shirt outline with two red hearts of varying sizes at the center.,False,False
20d463daeb37810f910859c9e80bea4f,A light blue icon resembling a bookmark or a document with a ribbon.,False,False
8bdc76a8-fe3c-44a4-a364-86fb8a7b30f9,A trophy with a music note inside it represents a music award or achievement.,False,False
6b65f7999301cb59cbf91807f8e0e3df,A simple isometric illustration of an easel with a blank canvas.,False,False
ff4c2cae6fe0ac0bb40cb56c5d95b871,"The image contains a simple blue icon depicting two stylized human figures under a triangular roof structure, suggesting a home or shelter.",False,False
54f48ef9b405c33b8169c8a91d06aed8,The image shows a black silhouette of binoculars with two cylindrical lenses aligned horizontally against a white background.,False,False
69cf47984e44a1538e7d353b34def42f,"A simple line drawing of a camera icon, featuring black outlines on a white background.",False,False
75b079b90cfa4c4e4b4bcbae5658c3b5,"The image features a stylized archery target with concentric circles of different colors, an arrow hitting the center, and an orange feathered tail extending outward.",False,False
487c4e7bd1e2ee065733d2f80e94efec,A stylized icon depicting a document with a folded corner.,False,False
dbc4ea2e435a7bb740ac91585d351f12,The image shows three overlapping orange shapes resembling clouds or abstract forms arranged vertically.,False,False
9971eab5-4b43-44ec-a24c-b2719d0b8748,"A bright green, fan-shaped sea plant with multiple fronds, anchored to the seafloor.",False,False
1fc843fe63b2d9171fc37633e1e1e472,"The image features a single black silhouette of an hourglass against a white background, with sand visibly filling the lower bulb, indicating the passage of time.",False,False
849b07a02221722a6cd198a1e4c068a6,"The image consists of three gray horizontal bars and a floral-like shape positioned to the left, all against a white background.",False,False
27f009c6aa33171f66c64a2de29a74bf,"The image features a simple black gear-like symbol centered against a white background, consisting of an outer wavy ring and a central circular shape.",False,False
cc1cd78fa1802e71cb180157748d7a21,A stylized icon representing an ID card with a blue header and a large 'ID' text.,False,False
aa72b958784d741e2f739f3de8cd87ec,A black line drawing of a stylized ice cream cone with two scoops on a white background.,False,False
e8da5391556ebf803535dd7b25f4e664,The image shows two black-and-white capsule-shaped objects stacked vertically against a white background.,False,False
65a8cc311b2f6a8372023c24a19e2a98,A simple line drawing of a judge's gavel striking a block.,False,False
4b184fd59f863d57f3b442899fd44ad3,"An abstract black shape resembling a stylized human-like figure with two circular arms extending outward and a central rectangular body, set against a plain white background.",False,False
fb0d5ee90f5bbf7c8d887e8126e2e196,The image contains a single gray 'J' letter centered within a gray circle on a white background.,False,False
59dd6e85af22bfbbc3847fd8abc1123d,"A green emoji-like icon featuring three dark green circles arranged horizontally above a curved green line, all against a white background.",False,False
6b06662971231ece5503a6e40505c924,"A black circle contains a black 'X' shape in its center, placed against a white background.",False,False
d6d8cf166fd37b01091d10c22ce10024,A simple blue building icon with three windows and a green tree next to it.,False,False
e45dfbdabe4a1c72627e7fa971794dea,The image shows a black pair of open scissors on a white background.,False,False
26f6ca54-40cb-4035-b19e-3e7403905497,A smiling emoji with a head covering that resembles a turban.,False,False
589c26316d4d690373982e66e68cfecb,"The image features a single heart shape outlined in black, positioned centrally against a white background. Surrounding the heart are eight small black lines radiating outward, resembling rays of light or sparkles, evenly spaced around the perimeter of the heart.",False,False
ff394513090501b3bb69c9c2abcab152,"The image features a black cloud partially overlapping a black sun, with four black rays extending from the sun. The background is completely white, creating high contrast with the black elements.",False,False
4c38df2f0e6ba01423d9191924bd41cd,"The image features a black icon of a person silhouette against a white background. The silhouette includes an oval-shaped head, a broad rectangular torso, and a curved arm extending to the right, with a circular shape at the end of the arm, resembling a prohibition symbol.",False,False
17ff941d99f3ebdd65c837dc9e1d721e,The image shows a black silhouette of an Erlenmeyer flask against a white background.,False,False
cf2201f29717e17d2876ef2b102b7caf,A traffic cone icon with red and white stripes on a green background.,False,False
dc5820eaaccbd09e13aa8c2110857cc3,"The image features a black candle icon with a flame on the left side and a black asterisk symbol with a white center on the right side, both set against a white background. The candle is tall and rectangular, while the asterisk has five points extending outward from a central white circle.",False,False
3f7b9f45f66ef9909ed452c37443795d,A simple icon depicting a bottle with a yellow cap.,False,False
452d88fc7580327fff8c4ea197f626e9,"The image features a black crosshair-like symbol composed of four black L-shaped lines forming a square border with rounded edges, intersected by a central horizontal and vertical black line, set against a white background.",False,False
a65cc4b16a26c4b4aa812e5fbb9d6150,A simple line drawing of a bell icon.,False,False
9515c0a3fefe53b20f22e5b9e37cb136,"The image features a black outline of a map pin placed over a stylized 'M' shape, all set against a white background. The map pin has a circular head with a smaller concentric circle inside, and it is positioned to the top right of the 'M'. The 'M' consists of two vertical lines forming the sides and a diagonal line connecting them, enclosed within a black rectangular outline. The overall design is minimalistic with a high contrast between the black elements and the white background.",False,False
a6efcc6de330f97af30e66d1ab6eb7e9,"The image features a circular design with a segmented appearance, consisting of blue and yellow elements, including lines and curved sections that create a geometric pattern.",False,False
7d03f379bc4610b429309ec0150c26fb,"A black anchor icon on a white background, featuring a central vertical bar with two curved arms extending outward and an eye-shaped loop at the top.",False,False
ef301f72-39cf-45b6-b3f7-81d334b42e7b,A simple black bow tie illustration with a blue square in the center.,False,False
3f0143b8ef161d5dba3ac028f09bbcea,"The image shows a black Bluetooth symbol on a white background, featuring two overlapping curved lines with angular notches and a comma-like shape to the right.",False,False
27ff917e0056c9600f69868bb4b8f590,"The image features a black logo consisting of the lowercase letters 'aws' positioned above a curved arrow that forms an arc-like shape, set against a completely white background. The text and arrow are both in bold, solid black with smooth edges, and the arrow curves from the bottom left to the bottom right, partially encircling the text above it.",False,False
5a1091c05f535163aa4cf2173acc60f9,The image contains a gray question mark centered within a gray circle on a white background.,False,False
47033ab6f5cba4154e7420dd2457b5bc,The image consists of a black square containing white graphic elements: a curved line resembling a camera lens or magnifying glass on the top left and two overlapping triangles forming a mountain-like shape at the bottom center.,False,False
ff7e00de39653cb5ed09822fcac57bc6,"The image shows an orange icon consisting of a folder outline with a plus sign inside a circular border, both elements sharing the same color.",False,False
c8bb40bc30f7e26f55df1149a4beec1c,A minimalist clock icon with a blue outline and light blue hands.,False,False
d79b026fd645ea223db7b2c7916402a2,"A black and white illustration of a calendar icon with a checkmark inside, featuring lines and circles indicating tasks or notes.",False,False
b76c593bf7179609524a3c01fddc665a,"A simple black outline of a pitcher or carafe, featuring a handle on the right side and a spout on the left, with a horizontal line indicating the liquid level inside.",False,False
f8f0556445be4f9cad7a34aaadc890f1,"A black-and-white line drawing of a sewing machine with a needle, presser foot, and stitch pattern outlined against a white background.",False,False
5f5a7cb01fa07e68fdc95cd648581090,A simple green outline of a camera icon.,False,False
b8e61bb15e64a77baaa1138b2c948c93,A simple line drawing of an abstract shape resembling a curved object with a small dot inside.,False,False
18113bee-6436-4d3c-b435-235d2438af56,"A cartoonish creature with a black body, wearing purple pants, standing in a dynamic pose.",False,False
0ecbf55a55ffc02de28b1480e1417713,A black circular shape with a white number '7' centered within it.,False,False
242fbb06deef395f761790e5c04e64f3,A grayscale image showing the lowercase letter 't' with distinct horizontal and vertical strokes.,False,False
c00a84ca-5a06-4196-b9c9-568e07171b7b,A simple line drawing of a crown with a base shaped like an ellipse and four points drafted out.,False,False
98c113c8b9dcc3d3e8489ee4f819ba68,A simple line drawing of two people standing side by side.,False,False
10cdf28ec274bddb77dec50daca69f24,"A black and white logo featuring a circular element with the letters 'ST' inside it, enclosed by two thick brackets.",False,False
12121859d4a58fc20ceae1f88657c55a,"The image shows a black silhouette of a peach with a white outline, including a stem and a cleft shape on its surface.",False,False
5f5052fc86f7283c6e0f4b021df0913d,A document icon with a clock symbol indicating time-related content or scheduling.,False,False
118b61970a1cb032773f7e19f319dc13,A file icon with a code tag symbol inside it.,False,False
c56754e889be2796fc7341186a213e00,"A black icon depicting a folder with a document inside and a question mark symbol to the right, all set against a white background.",False,False
5b5004a5cb02b8dfc0976455dd150ec3,A simple black and white icon depicting a stylized globe with intersecting lines.,False,False
3a425825410bd9bbb663e0a93ae29bed,"The image features a green circular pin with a white rectangular frame containing four smaller squares inside it, positioned centrally on the circle.",False,False
674e45b3f38b3fae78966faa1993b7a1,"The image contains a black line drawing of a simplified architectural structure with a central dome, flanked by vertical lines representing columns or walls, and a horizontal base, all set against a white background.",False,False
aa53daf311b2ed5818346c1a8d77dd0a,"A black and white illustration of an open book icon, featuring two pages and a spine, set against a plain background.",False,False
3c0f236ac5bccccd8931a2a193c0af9d,A stylized gear icon with an orange outline and a light blue center.,False,False
68b4b20c00b54b8ce674f9a0d3d33e47,A blue icon depicting a mountain landscape with a sun above it.,False,False
bd97a63779b80a0d8418639482888d17,A blue gift box with a bow on top.,False,False
f74e826e3a3c79ae0a8b98618cd5be8e,"The image features a black outline of a magnifying glass, which includes a circular shape with a handle extending from its bottom right edge. Inside the magnifying glass, there is a black plus sign centrally positioned against a white background. The overall composition is monochromatic with black elements on a white backdrop.",False,False
450b77375f9b76102316f1f085524230,"The image features a black outlined icon set against a white background, depicting a rectangular shape resembling a document with four horizontal lines representing text. A curved arrow, also in black, emerges from the left side of the rectangle, pointing towards the right, indicating a flow or action towards the document.",False,False
7fb9597990bb4b1297ce0f53f1f4cc90,"The image shows a simplified orange car icon with black headlights and a black windshield, viewed from the front.",False,False
caf76979d46dd7fe835fe919c62dff0d,A satellite dish with a red feed horn is depicted in a minimalist style.,False,False
89f63eb098a6634e05b2cf9e06926735,"The image shows a dark brown outline of a document or paper icon with overlapping pages, positioned centrally against a white background.",False,False
74df26d8107b847d2d40bdab62730e0b,"A graph with two distinct lines, one blue and one gray, showing a step-like pattern.",False,False
72be2b271c0eacd5690697aea2cb1571,"The image shows a light blue graphic icon depicting a simplified house with an open door, featuring a rectangular structure with windows and a triangular roof, connected to a door with a curved hinge-like element.",False,False
8bdd124616030aafdaeb9aa0c4decfb5,A simple line drawing of a thumbs-up gesture.,False,False
8c0d9e8e491b1d24d254c51082f98191,"The image shows a black hand icon with a single extended finger pointing upwards against a white background. The hand is stylized with smooth, rounded lines, and the index finger is prominently extended, creating a clear direction towards the top of the image.",False,False
657cf4495538a4c5734128bd415b1256,Three orange parallelograms arranged within a circular frame.,False,False
6b127567fec1707f59ee0e4def0683e7,"The image features a black outline of an open folder with a green file inside, accompanied by an upward arrow pointing to the file.",False,False
9808ce0a0eae297abea282c15eaeb657,The image consists of a continuous black line forming a stylized cloud-like shape against a white background.,False,False
a49b3a98c180316bcd85a897c4c2d332,A stylized icon depicting a document with a clock symbolizing time management or scheduling.,False,False
5a3dcd52e490e5355ae5b65c68bd6344,The image features a gray rectangular icon with three black horizontal lines on the left side and a stylized human figure silhouette on the right side.,False,False
248b80b877268e028e2a28237e6634d5,"The image contains a single solid color of black, occupying the entire visible area without any additional elements or variations.",False,False
e639072987044eb5206ab4fff71c93b0,"A black line drawing of a cube is centered on a white background, with all sides of the cube outlined by thick black lines, forming a three-dimensional perspective.",False,False
7da29fbc-75f8-4ed4-b41f-391e38c7a16d,"An icon depicts a grand, intricate cathedral with multiple spires and pointed arches, characteristic of Gothic architecture.",False,False
c5e9178928ddad31d6f93f8dbacce582,A stylized airplane icon with a blue body and white wings is depicted above a dark horizontal line.,False,False
2fbe1cb2bff400b3d898156570344496,"An open cosmetic compact with a red outer casing and three gradient shades of pink inside, viewed from above.",False,False
c154848399a4f841032152a8fd110853,A minimalist icon featuring two vertical lines with circular ends and three horizontal bars to the right.,False,False
1c40e611bf221a4887d15aa63dfeab4a,"The image features a black outline of a telephone handset icon against a white background. The handset is depicted with a curved handle and body, and an arrow pointing to the right is located inside the handset near the top-right area.",False,False
3faa14ab6e4926a2801762d051f6be07,A turquoise circle with a white silhouette of a microscope and test tube.,False,False
ad2cd3935f935daeff53d85105d1247f,"A black outline illustration of a barbecue grill with smoke rising from it, set against a white background.",False,False
f6d1ad64-70d5-481f-b013-143d63450b5d,"An icon of an eye with a central pupil and a nerve extending from it, potentially representing a medical or biological symbol for vision or eye health.",False,False
648c48fa335d04ef08ced6789d73e7b6,A completely white image with no discernible content or details.,False,False
272c4b74-97c0-4724-9b63-5c8405c2eeb6,"A matryoshka doll, also known as a Russian nesting doll, is a set of wooden dolls that decrease in size and fit inside one another.",False,False
279659873728db818ccc4144460423e0,A black and white illustration of a cat face surrounded by five petal-like shapes.,False,False
3c13d552c99343e6bf3956ba074a1de1,"A black silhouette of a feather quill pen on a white background, with the quill pointing upwards to the top right corner.",False,False
f55f5c3e8b53f31e4579bb7b6e27e641,"The image depicts a black line-drawn icon featuring a large gear-like shape with multiple irregular teeth in the center, positioned above a rectangular outline that resembles a laptop or device with a horizontal black bar at the bottom. The entire design is set against a white background.",False,False
74a8caac68ce9de269ecea0d1cbb6ec1,"The image shows a simple, stylized representation of a globe or spherical object outlined in blue, with curved lines dividing it into sections.",False,False
b87359632ddd854d536864cabe9f7300,A stylized icon featuring a dollar sign within a segmented circular design.,False,False
3fd4d7fc4a414ed435f0e59263a18e9b,"The image features a black silhouette of a pair of legs standing upright, depicted with two bent knees, connected by a horizontal line representing pants or a similar garment, set against a white background.",False,False
1c80d7f120424b69ab1877ec41c68ee7,A stylized logo featuring two overlapping letters 'W' and 'S' in blue and orange.,False,False
f49f1c737a56daff341433cb60b7924d,"A simple black-and-white illustration showing two stylized pine trees on a curved line representing the ground, all set against a white background.",False,False
7503ff288bff8e874e73449a51813e7d,A black icon of a closed book or notebook with a spiral binding on the left side against a white background.,False,False
9e01777dfb2f3e224a79d3cd87af2b62,"A black silhouette of a person next to text-like symbols inside a rectangular frame, which resembles a tablet or screen with a handle on top.",False,False
4d93502307889b04bd949f31e69c6023,"The image features a black diagonal line crossing over a stylized icon of a Bluetooth symbol, which consists of two overlapping curved arrows forming a wave-like pattern, all set against a solid white background.",False,False
0d47341b2c8035885544353725467f5a,A black lowercase 'm' enclosed within a thick black circular border on a white background.,False,False
b788e6e0dcd0937da8a32b74843093ac,A simple geometric shape resembling an angle with two intersecting lines.,False,False
e45de9de342015e87c2e0f6b9ac79681,"A black circular outline encloses a black arrow pointing to the left, set against a white background.",False,False
f7986b254fccd375bccb3f49786ec8b9,"The image features a black circular logo with a stylized letter 'W' in the center, set against a white background. The 'W' is composed of two thick, black vertical lines that converge at the bottom to form a triangular shape, with the upper parts resembling wings extending outward. The circular outline is uniformly black and encloses the entire 'W', creating a simple yet distinct design.",False,False
782410b459147b8f4b4068e24d1ae9d9,"The image features a black background with a white, stylized symbol resembling the international radiation warning sign, composed of three curved arrows radiating outward from a central circle.",False,False
