id,dsl,svg,method,status
fa1d8fa7-080f-4269-a9cf-a17562c9a0ca,,,unrecovered,unrecovered
8fe82f3af89e487b31236ca829c3f071,,,unrecovered,unrecovered
9e831fb6831745f4d15156b7a95e4f92,,,unrecovered,unrecovered
625181a2-600d-4db5-83c6-1a34676eb0dc,,,unrecovered,unrecovered
8ba1bd7c-211c-43b0-a4aa-0e6e33c92486,,,unrecovered,unrecovered
4e56e508270eb0d02291927638d3c685,,,unrecovered,unrecovered
cc1df4dd3f0cc361daa667ee0f05eaf7,,,unrecovered,unrecovered
8390a1ddd68fc7de495d11dffab32031,,,unrecovered,unrecovered
48fba8b033c732c00f1a288dfc34aedc,,,unrecovered,unrecovered
5f4a048069086cff1d5f8d424af1b8ca,,,unrecovered,unrecovered
363e052b0457c60892eab6c887dd5b27,,,unrecovered,unrecovered
d942c8be4045344396e6a113f7c58a3f,,,unrecovered,unrecovered
5486017c6c4d153449d07c7c4f7afbd4,,,unrecovered,unrecovered
7e63b44725fd31b7ee98d8ba88fe29cd,,,unrecovered,unrecovered
5847d7d98926031f8b9ca1eb61fa7163,,,unrecovered,unrecovered
c97c8f66ce177e81c529de16b5bd4118,,,unrecovered,unrecovered
e41ccb9c836340147df2ccb127e8dde6,,,unrecovered,unrecovered
1bb91e93-817e-484d-859c-428ec68c30f9,,,unrecovered,unrecovered
643a84fa96883ea934fdf60cd6b58513,,,unrecovered,unrecovered
d14ffebbc58e451c3d713e66e59414e0,,,unrecovered,unrecovered
42ec3240e21ab822adca80d09707c527,,,unrecovered,unrecovered
2dc79da3-62ee-49ab-815d-ebcd832cfd2d,,,unrecovered,unrecovered
25ac054b53cc1e9443ba87fbb4f3f25d,,,unrecovered,unrecovered
4a77266da26727f9ae4858d0a368d168,,,unrecovered,unrecovered
e3eb16f93299028540e0ca713c279086,,,unrecovered,unrecovered
8d4aea82-e57e-4019-aff5-c8383c34c2a3,,,unrecovered,unrecovered
42774b275712fad4243e86e2805aadc6,,,unrecovered,unrecovered
73d9382bff01f823b41e1b5956f067d9,,,unrecovered,unrecovered
53265889-a906-470a-8717-f3af3c5e5ccd,,,unrecovered,unrecovered
b1ca02cfeedcd872a55c70ce6b3ff09c,,,unrecovered,unrecovered
2ee5815d274c932d7595db413c0d45a8,,,unrecovered,unrecovered
6ffc093dac031f57dedbff4c54ad6b53,,,unrecovered,unrecovered
805e13c9-09d2-4828-a754-1939092246f4,,,unrecovered,unrecovered
f317b1db71a938871c811c8e3a64ff78,,,unrecovered,unrecovered
de3d096a9919e2d36bfab7d98f12471b,,,unrecovered,unrecovered
6a23eaf9af94f1dc2c6757965b09958b,,,unrecovered,unrecovered
f82a1d17293a309f41c745a2dd9e3057,,,unrecovered,unrecovered
fa6ccf7e-9549-47c5-8c05-0b96ec5d56f3,,,unrecovered,unrecovered
a0e1e594-d8ab-43e1-a395-eeb8db7132a5,,,unrecovered,unrecovered
db5e492cdd2ef3eff0a1a5798a2e1e03,,,unrecovered,unrecovered
18626b764590055f2aae6292fd38df50,,,unrecovered,unrecovered
af5c92c5dd805ba882bf2cf71f1c0da5,,,unrecovered,unrecovered
6514c1d3e873cde2d0b364aa72b94b03,,,unrecovered,unrecovered
85a815b47e2f89ffeb68de032151f56d,,,unrecovered,unrecovered
7768eaa8d8a3f4de8d722af327e6e4fa,,,unrecovered,unrecovered
86eb9093f8e49aba9fee562bd0701ed4,,,unrecovered,unrecovered
0fddcd7d7cc5f4e47d3593536e7f797e,,,unrecovered,unrecovered
58851b06-b2b9-4a7e-96f4-c057ecfcb03e,,,unrecovered,unrecovered
afc35e09-e0b3-4005-85a6-5b9ea92ffc44,,,unrecovered,unrecovered
dd69f2cfb431fdf4ced08f7255dd6970,,,unrecovered,unrecovered
6f4c365ad0d7bba6930c3f3633213f66,,,unrecovered,unrecovered
43538b024f1f60fe918a5bf3940aea9f,,,unrecovered,unrecovered
df01f46bd358f107b4919b94efb0b365,,,unrecovered,unrecovered
58b9421f28c24d526023e8b1b2493325,,,unrecovered,unrecovered
832a8032c3da6573c5530a5f6537486a,,,unrecovered,unrecovered
9e331a32e09fbc708dea49b88027cd6e,,,unrecovered,unrecovered
3ab946716c079e386eae3c608eb3e510,,,unrecovered,unrecovered
1b80bd25-ccb4-4041-9895-142e59610944,,,unrecovered,unrecovered
2efc5bf83782701ffe988db621c4bef9,,,unrecovered,unrecovered
7fc400bb5e93c44d6b63d0fdc6e0ff14,,,unrecovered,unrecovered
9e72c6dd78d3115435efdd77656d9cf7,,,unrecovered,unrecovered
51638adddbb17dd52b7a860d091afea2,,,unrecovered,unrecovered
963bb1df7ab893b87b41941827c22f17,,,unrecovered,unrecovered
4b5eeb0941380dab5e4b7c21a36902b0,,,unrecovered,unrecovered
eba7feb3013e23adb23aa8432b5c6e40,,,unrecovered,unrecovered
4e355e35dc8edb95b514e3487a9e13f4,,,unrecovered,unrecovered
b7b04b9f8a1071aba9fe8401fad79678,,,unrecovered,unrecovered
59ba28b82776364e6d5c9b82b1ca33b4,,,unrecovered,unrecovered
91348c0b0c69183ca7a5ce0c14d33d4c,,,unrecovered,unrecovered
f22a95ed-6e0b-40b4-bab4-03d1813e32ce,,,unrecovered,unrecovered
a90ccfad4269a659725a078c9c3385e0,,,unrecovered,unrecovered
cca98eb919e4d42b9402b9a15ab7a27f,,,unrecovered,unrecovered
c954181c0f7068dfa557d5fa204a9ab3,,,unrecovered,unrecovered
d1357835-8e25-45f8-80ed-5c93caafd8ff,,,unrecovered,unrecovered
c4faf634-3023-4cec-b1d1-9e27c09ec28a,,,unrecovered,unrecovered
23fd0372-c4df-42f1-b3ba-d5b26911afd7,,,unrecovered,unrecovered
10f4ee45-455b-4a12-af4c-4ad671cc88cc,,,unrecovered,unrecovered
9d9983d2944a72fc057c2c1e38520157,,,unrecovered,unrecovered
8a256a06888539b2276f0728b298bcf6,,,unrecovered,unrecovered
2396f2ab4dfe7860463ad9438b3e2608,,,unrecovered,unrecovered
f141210c97daf31a237c6c01ff221ccb,,,unrecovered,unrecovered
0185f3975d6a39f29003339669d98720,,,unrecovered,unrecovered
976cb41e081a20f3c6b97d026a3b36b6,,,unrecovered,unrecovered
c106940a5f0dab81ce47beb97b6583bf,,,unrecovered,unrecovered
4d0a2eb6-e631-4382-9bb8-6257a35e3c35,,,unrecovered,unrecovered
576645d5e68be36d97b63de0f127d453,,,unrecovered,unrecovered
8c53af1feb8b2428b55a56b03c7f7183,,,unrecovered,unrecovered
487dd547-7ba2-41cf-b5aa-08691b4e0d0b,,,unrecovered,unrecovered
dc2053c8-2c1f-4d5b-be7a-d1edb51b4d9d,,,unrecovered,unrecovered
522dbb719a7af9320fbd1e283f4de091,,,unrecovered,unrecovered
853ecc8c-4b22-49b1-b401-8fab84804e88,,,unrecovered,unrecovered
e0db5eacebc21e859253d0b383a1ed96,,,unrecovered,unrecovered
c91871a6-5f92-4f84-ac8a-758d5adcbf50,,,unrecovered,unrecovered
5460b288-68cd-47b4-a7f0-3dcc7af46e22,,,unrecovered,unrecovered
20c327c57674a8cbc5960bf89e75aada,,,unrecovered,unrecovered
b031866f9839e47867bdf04be7c70179,,,unrecovered,unrecovered
2027e68d0f0f12743d8b1b3e0bf7327d,,,unrecovered,unrecovered
90efed7b71ba491724756bbcbfc46734,,,unrecovered,unrecovered
a94d05f0e0eb85e06839b5c1c5523a74,,,unrecovered,unrecovered
fa16ad7ec9e08db1119b96f54d67f1c8,,,unrecovered,unrecovered
a92453bd82b74a72badf504d9fb77bbd,,,unrecovered,unrecovered
75cbc991cd88a5b0b0351a1e6d743a1d,,,unrecovered,unrecovered
e0fb222844234c7fde7149aa7a2c49e2,,,unrecovered,unrecovered
cdfa7edfdde22df95c4872e946865b8f,,,unrecovered,unrecovered
a77d3986e254202d345d504cf50c1593,,,unrecovered,unrecovered
639cdf9c5a3f7bb32fe2c924f9ed43c8,,,unrecovered,unrecovered
ea729a2f4580947d41485f3775bd5707,,,unrecovered,unrecovered
39ae60955e6b585fc27304e970ce565e,,,unrecovered,unrecovered
6afe00f782bd17861b66844966a4f5b7,,,unrecovered,unrecovered
a53ec4a5f72d175bcab07aa5d4ca0825,,,unrecovered,unrecovered
a95fdba762ea7be4d915dd4d03f5b2f4,,,unrecovered,unrecovered
b41d7e3e022e43081f5192ee07f4d4f7,,,unrecovered,unrecovered
368f07a008f8a3e39b1497d2de618441,,,unrecovered,unrecovered
c40d4f88519b6bb02fe8fca55bab9fa3,,,unrecovered,unrecovered
5a89b390d26eb0c79fa762f9bb6e0ea2,,,unrecovered,unrecovered
1bdce14177d6c7d19c56eb84d7d8de03,,,unrecovered,unrecovered
869fc1019e4860633ff8ce833e1f44ef,,,unrecovered,unrecovered
bb6a320a-f1b2-4bf9-aa51-67e34dcbd214,,,unrecovered,unrecovered
795d07ed95526c906b164488ac16409e,,,unrecovered,unrecovered
796221887d9b5a55ed27a7b445ca93da,,,unrecovered,unrecovered
f012d7256a7942d77f2f733d47b3c609,,,unrecovered,unrecovered
dea8c91b333fef2d0cad705d4556cbb0,,,unrecovered,unrecovered
d584789a90321b0e5b02f5b57b783d22,,,unrecovered,unrecovered
7b09ab57cfb607da982fb06b6ba08ccb,,,unrecovered,unrecovered
3c1afdf835e6b629d14ee7c0e78760e0,,,unrecovered,unrecovered
b3dcd64a4e0748e091af2990909be3aa,,,unrecovered,unrecovered
9a9563a6-a25f-4d01-8bc7-8da0cf5f5e45,,,unrecovered,unrecovered
b17139fd16d7ace872ea8110329ecf21,,,unrecovered,unrecovered
84225196-e3a2-4789-873c-6009be8dd608,,,unrecovered,unrecovered
5a17ad6464e07133da8992dd3c52488b,,,unrecovered,unrecovered
9255034c-9ca4-49a3-969f-aa56573be0b2,,,unrecovered,unrecovered
566f44c1afbe084f8665c31b1396728d,,,unrecovered,unrecovered
11b43007370a4744a79048f67b5c90a4,,,unrecovered,unrecovered
a18b36b0fa714d7f34575a027d1bc693,,,unrecovered,unrecovered
37e8022f-243f-40f8-89f7-c5c056083469,,,unrecovered,unrecovered
thesantatitan_deepseek-svg-dataset_0001179,,,unrecovered,unrecovered
fd8b4b17bf2a56a32144b1e3fd080dc4,,,unrecovered,unrecovered
a9f87cd9445715e6b87fbe34c18a0fcf,,,unrecovered,unrecovered
34c190727cce6d1ea6d41e76ec560860,,,unrecovered,unrecovered
605476208ee5690024db67bb3db70285,,,unrecovered,unrecovered
b4f79e0b2f72c1e7b9f8c4956be5a1f6,,,unrecovered,unrecovered
a198f33e-3ec4-4932-8a5e-8266f5ef9ee1,,,unrecovered,unrecovered
b185f9e6f195059e509da7cdd413babb,,,unrecovered,unrecovered
616da53d0b6c10cb4b9658b6cf8f04c1,,,unrecovered,unrecovered
2ecac2a7259aa42b1f34ae1ca7a84304,,,unrecovered,unrecovered
9a0c9dc7-ff3e-45df-9040-01ea6572ab3c,,,unrecovered,unrecovered
8c32b0cc5f5d6cc5237154f5aefdad3a,,,unrecovered,unrecovered
ddeb75ae62bcf0b9d4020fed43425249,,,unrecovered,unrecovered
33712ead-2ffa-41ac-8b3c-450418e64526,,,unrecovered,unrecovered
c321f45ec36cd318121742cf86b4bbe3,,,unrecovered,unrecovered
3c4fae8973f3201cc56bf021d6c28a05,,,unrecovered,unrecovered
6eca3b2c4fa89b8a75aae63e1e99d965,,,unrecovered,unrecovered
4a4873e4c365c59b08392cb0a3e4a5a2,,,unrecovered,unrecovered
14e2bada9947c9771638f4c8de86a362,,,unrecovered,unrecovered
037dde66e5c63733fa3d155d56e83a2e,,,unrecovered,unrecovered
ebdf859d921b2cfdcb73d16f47016fcb,,,unrecovered,unrecovered
b3d2b3de67376420e0ce0999630c1b06,,,unrecovered,unrecovered
3c45ef17a1f899dcd6bc21f857abedb6,,,unrecovered,unrecovered
3755d5181136c358d28f77501efc697b,,,unrecovered,unrecovered
774b94e6b5203b32b92364d81d1c0cc6,,,unrecovered,unrecovered
5006c58a2f008edfd4bfe6139810547d,,,unrecovered,unrecovered
fa49d1a6aab69014a23585aef9b4c490,,,unrecovered,unrecovered
e9d61a4aae58d3751999c104886c311f,,,unrecovered,unrecovered
da41b54baffda55195a4903087a9c0a5,,,unrecovered,unrecovered
3fddc9a0-5fcf-48ea-908d-8c87851d6407,,,unrecovered,unrecovered
ffe0160c-355c-4abc-917a-9f8aa2df5f0e,,,unrecovered,unrecovered
dec247574ae1fceb82580da0c2636b78,,,unrecovered,unrecovered
1bf0a4fd8b529954a7c4b755f5592e39,,,unrecovered,unrecovered
71229e9fb7139eaf508760275eacdeb2,,,unrecovered,unrecovered
5cbc0b2b-a5b2-4f77-97bd-ba8c6d4ec74c,,,unrecovered,unrecovered
b58139c55d43e791697567363c8a4460,,,unrecovered,unrecovered
533830e799427ac90462e7bd2b8ccd83,,,unrecovered,unrecovered
ea93e12ab3ba63800e57b92baacf3b89,,,unrecovered,unrecovered
7aee9393-5a81-45ec-8865-e5f1ca18cbae,,,unrecovered,unrecovered
ed3be894-4384-47ff-9e48-9e38d4943630,,,unrecovered,unrecovered
bc765aee-0c85-4e1b-8e79-ca876ffc8c57,,,unrecovered,unrecovered
2b0ce303-8182-4b7f-90f1-379a2a350c41,,,unrecovered,unrecovered
bb7dc129-a948-494c-960e-8a6728b3bac0,,,unrecovered,unrecovered
9080bb03-1946-4d44-9f51-b7c1a6120940,,,unrecovered,unrecovered
7dd1b6b7383bc19f38cb73a81dce5f14,,,unrecovered,unrecovered
2edfc92eb5e00ba4e6d1f3d6d55bf7db,,,unrecovered,unrecovered
f496d4356a37d545c2903fa36e493284,,,unrecovered,unrecovered
38b176737aaa3d129ece7d30211388ca,,,unrecovered,unrecovered
10054d5e97923c31d3f090a7be76cfec,,,unrecovered,unrecovered
060d74da90afa9b3f8f14237c83d1970,,,unrecovered,unrecovered
d33e9257f3f4d1374dcda52d920d65d1,,,unrecovered,unrecovered
694eec9473b383b64843412844164b9a,,,unrecovered,unrecovered
07388aecbe3020febb41744d568c32e5,,,unrecovered,unrecovered
efa84cbc19adddf53f8fded9de39185c,,,unrecovered,unrecovered
4ceb2de56b8a4a667bab0cbe761d1dbc,,,unrecovered,unrecovered
08622d6ae1ffc2c7945fb76c5ee21b2c,,,unrecovered,unrecovered
fc6850e28ca47e7c4620a0a810b0a33f,,,unrecovered,unrecovered
4ffbff366fc8a0973cfe6f31d034bbff,,,unrecovered,unrecovered
49484c41779a745a90c961b0ed141a99,,,unrecovered,unrecovered
0b846be714c0cb5d1d68af1ad1c5b4cf,,,unrecovered,unrecovered
0444cb0e-f24d-49ea-b958-61c50002b7f8,,,unrecovered,unrecovered
8dd45f18ee9d2a7d1e7b16fce184e99b,,,unrecovered,unrecovered
ee959eba320678966980b5266489ed0f,,,unrecovered,unrecovered
749dbb938050d35c5fcdf4f9d378d8a3,,,unrecovered,unrecovered
712fb5ad9547a2a859eed9fc42f1cf8d,,,unrecovered,unrecovered
cee975d169c6ff0d78bb5572b404ccf6,,,unrecovered,unrecovered
d6d1dee2a2fde7b349762e48c63b6c07,,,unrecovered,unrecovered
8b9186dca63a14a1480c50ae3001b884,,,unrecovered,unrecovered
5d08388622a8416c9f124edb303655ab,,,unrecovered,unrecovered
3c89ac21-2c9c-4285-993e-bb2ed4f4132d,,,unrecovered,unrecovered
211ac579-e807-43a9-89a3-f8126433ed69,,,unrecovered,unrecovered
b75b5b813208c3575eae23e7f8441c9c,,,unrecovered,unrecovered
e8aee3776894d20b70727aa265e3c8b6,,,unrecovered,unrecovered
d960f5de-3ab1-41a3-8db1-853e895889ec,,,unrecovered,unrecovered
22df98911f5c5a5eabc508e739730daf,,,unrecovered,unrecovered
9ca610ffc3aa94ee90b8fad40f39f2ce,,,unrecovered,unrecovered
8e1fadf0ca78b939adfb003d4e011a0e,,,unrecovered,unrecovered
ab976da55b074a76089bd31cf654dc11,,,unrecovered,unrecovered
7d41f40dc025829b6c2c3f9370aa91ab,,,unrecovered,unrecovered
68e2e535-32c9-48fd-a9f6-9c4b2c411e58,,,unrecovered,unrecovered
8c7c71f2fa98547406cb8e566921b0f0,,,unrecovered,unrecovered
61b523b078eb8c534f9f61b1a98b3c59,,,unrecovered,unrecovered
233eefc40f52085d4f6005f113561a01,,,unrecovered,unrecovered
d47c83db86be1d46ff99cbff54fc0db9,,,unrecovered,unrecovered
6ac4b137-01f0-42d6-b8c0-95de2b9dd062,,,unrecovered,unrecovered
7b9efac1b032eb8136bc0f107f0fe6e6,,,unrecovered,unrecovered
a802656c9b712d3db0d6beb1cb1714be,,,unrecovered,unrecovered
349f7e64432849df0db439b6249505c2,,,unrecovered,unrecovered
da6187528883b34f87a786adfc557953,,,unrecovered,unrecovered
1fb2fc7afab9adb52a5f1fb0daefa0fe,,,unrecovered,unrecovered
c9497e732d693769be0341de77468546,,,unrecovered,unrecovered
066676c0-8181-4092-a6c0-29c7ce8342d5,,,unrecovered,unrecovered
08c4fe4b67eb5bde0560c776797a0b30,,,unrecovered,unrecovered
68576ccc57bb97748fa1cbe13f37d971,,,unrecovered,unrecovered
4c16131d4cc415d991a52a9bcfe32b8d,,,unrecovered,unrecovered
c673cfef632658ba00e3ce635f562901,,,unrecovered,unrecovered
b964937ebec4f76d545638387655b38f,,,unrecovered,unrecovered
3aeea789ed0e181f35968bafa8dded49,,,unrecovered,unrecovered
8f4cfa5a-fb08-4eb1-aea3-e3601a18be4f,,,unrecovered,unrecovered
012864599f873514017c173770026982,,,unrecovered,unrecovered
beed40817d966fca026c732b444c508e,,,unrecovered,unrecovered
15816e0ecf760d38536ed9d1c1043ea8,,,unrecovered,unrecovered
25b3fc6e871febfd8a5aabf7dd75f3ea,,,unrecovered,unrecovered
b3c9803cc62fa3a5074a40332ed1914b,,,unrecovered,unrecovered
4b3c3ff3dcac0299c4c7c83307487357,,,unrecovered,unrecovered
2851c25b3ceb6e15363bd1e8e6b0b8e8,,,unrecovered,unrecovered
bf12a0c8-379b-4661-af84-94a26b15a80e,,,unrecovered,unrecovered
ce54df39bd2cc3f034d0e9ad37b57e54,,,unrecovered,unrecovered
afda3458e088c1f3d2bf6ade3d448fa6,,,unrecovered,unrecovered
f79a5b0b-ca8a-492f-9edd-4c09fe80ad34,,,unrecovered,unrecovered
30d5bc926cf885da954cfe2ed9bca5e0,,,unrecovered,unrecovered
068efa43794f885e51025d7fd682f50e,,,unrecovered,unrecovered
fe163c205f88c88bd83c9eeefb5cf5f7,,,unrecovered,unrecovered
592e346300a900eac1eb0fa0b32ae657,,,unrecovered,unrecovered
afe06d3bbc251bbd6aaeb0ebedf1191c,,,unrecovered,unrecovered
f5195281cbde1f30eb5a15aa0fd70bbe,,,unrecovered,unrecovered
3966e08c3d5f49f093bcf2c55a03afa0,,,unrecovered,unrecovered
0c4c70a3672a69359fc35986cec3a40e,,,unrecovered,unrecovered
c34bc238145cb0dcdd1ec8101ec219e0,,,unrecovered,unrecovered
a76155e15411f7f5fd94bc02a4ab6941,,,unrecovered,unrecovered
ac2b7fa7392fe4da83562436461a28ca,,,unrecovered,unrecovered
f964d85da109fe4774a76a7b5acce9d5,,,unrecovered,unrecovered
2559b460433538b805da78a4248053c4,,,unrecovered,unrecovered
6171431e6fd4be7aec781fe6f86a7260,,,unrecovered,unrecovered
09ffc9113cc361c62d1093d82385ccc9,,,unrecovered,unrecovered
7794bf395f0e23235313e6f6b64824b8,,,unrecovered,unrecovered
66065b7a-be96-4ad5-8d3e-2510c38e9312,,,unrecovered,unrecovered
bb383be6-efd5-4266-858d-26dd6e01382e,,,unrecovered,unrecovered
81aca13a-c934-4433-a8f9-847b9ab81581,,,unrecovered,unrecovered
0bdead1c59587f304730dc559bd0077d,,,unrecovered,unrecovered
c03c6485-765b-4c86-9bfd-4428fb1ef0b5,,,unrecovered,unrecovered
00dc7f04-c2ce-441b-8ebf-431d6d23eaec,,,unrecovered,unrecovered
2707ad13f72707b60f69c3811701c1b5,,,unrecovered,unrecovered
fcbd3dd0f3205055864a080f786642fe,,,unrecovered,unrecovered
6d950c48fe42ed6b32b64f641d4d0f40,,,unrecovered,unrecovered
57d5c6abde8998c16c29acd67057160a,,,unrecovered,unrecovered
e4356d8c-b193-4988-8af7-46dbfa0b3906,,,unrecovered,unrecovered
3aced3ceb1f4f809cc7362157856a47e,,,unrecovered,unrecovered
92ed8fec183f86a232b1a1bad759b94a,,,unrecovered,unrecovered
bf5739d50c3812db213e09c84aa7bece,,,unrecovered,unrecovered
c6a4b8f080508bd24a33f1473686429b,,,unrecovered,unrecovered
92bc76fd445cfb23162ecfb03f75c2a5,,,unrecovered,unrecovered
b8039c02aeb5b7800f5ab6147c25d8da,,,unrecovered,unrecovered
9c3614fc9c9de9db37b36b286e46921e,,,unrecovered,unrecovered
f3474be9579d8beda72d1541de40a444,,,unrecovered,unrecovered
a5d6d0951bccfe94265019f1b8c5ef39,,,unrecovered,unrecovered
9f0782e6-9bf0-4211-9aad-0c6cd8714ac5,,,unrecovered,unrecovered
14187d6297456d67ab32a78e4c8fcdf8,,,unrecovered,unrecovered
6b6ad214135060900be917f659dccc26,,,unrecovered,unrecovered
4826a16f417e94a83afdbf7e22e5a0a9,,,unrecovered,unrecovered
23f7fa2f-ebc0-49d2-9aa3-fd1542efba96,,,unrecovered,unrecovered
89e6603077a4021a00b49ba81da4f642,,,unrecovered,unrecovered
69be32f9806b461e9e8b0af54791b968,,,unrecovered,unrecovered
45ec68713decbbbdc5d2da29f4a2e543,,,unrecovered,unrecovered
a65ab6b493eaec46d6a2a2a68c1be344,,,unrecovered,unrecovered
e62aec99bb4aa8dd5bcf99ce23e8a3c7,,,unrecovered,unrecovered
a4aaa1dea134b7ad933bc58f45a8abd7,,,unrecovered,unrecovered
84cd7f9519a45bc7ae28c0fb77a6d54c,,,unrecovered,unrecovered
d091e6693343180a934c1509fc164aaf,,,unrecovered,unrecovered
3ede34cac54e503b8f9805cc75fcd0d0,,,unrecovered,unrecovered
e7eab03a78edfdb3292458a0d110d5a7,,,unrecovered,unrecovered
8c5f5dc69089a16823a430a679e0e1b6,,,unrecovered,unrecovered
f4d9e588ca3be28b2257c8bfea9d4f50,,,unrecovered,unrecovered
d949e65e28d18212f411b315efd37426,,,unrecovered,unrecovered
16233792e99370718b4d5da5b7c68332,,,unrecovered,unrecovered
ee182160475a006959dad8bb4d6d6fbd,,,unrecovered,unrecovered
bf5e875f-ff60-41ae-83f4-fa434d44eac8,,,unrecovered,unrecovered
22d7d3facdcbf22bb0dbf76407b98b4b,,,unrecovered,unrecovered
cb8f6e2a3e24a2e03181ab6fd360e0c1,,,unrecovered,unrecovered
7f1a8304ece0d81fe025c385076708c3,,,unrecovered,unrecovered
8abac35e-2595-4967-9767-75547161362f,,,unrecovered,unrecovered
9b9d1f2e-4e3e-401d-ab83-e99ec38e9e10,,,unrecovered,unrecovered
f2d07302e18ae7d9776178dffceb271f,,,unrecovered,unrecovered
thesantatitan_deepseek-svg-dataset_0004060,,,unrecovered,unrecovered
02b8f76167c80dec8201c5cb4f15d3c3,,,unrecovered,unrecovered
4d728b8028bde2a072dcf55f9830f137,,,unrecovered,unrecovered
beec5bc1456e6f7d7521aa7c5dcaa469,,,unrecovered,unrecovered
9cd0140cd4b2d2a32bf11812e2f7e238,,,unrecovered,unrecovered
3968b3d2665d692e689b25976462335b,,,unrecovered,unrecovered
12b37b7b73f422373d7548407bfcbe8f,,,unrecovered,unrecovered
09f2f0c8078e838e6d466dae721a98e7,,,unrecovered,unrecovered
90e00776-4d3e-4b89-9398-9480fcde7a3e,,,unrecovered,unrecovered
3dabbae64ac72c4159037593bfc10c52,,,unrecovered,unrecovered
36c10387fc114fd2117979d13f271868,,,unrecovered,unrecovered
b7eca035720fbc892f7694fb868ef297,,,unrecovered,unrecovered
5161f5f9cb93e860ab0a5f3433e87fdd,,,unrecovered,unrecovered
2fca18de72c4a9c9cf0ded8580faacd9,,,unrecovered,unrecovered
5f083a92f86834d90e63e720f8951d02,,,unrecovered,unrecovered
190a66384392df4f5e812a5d0f2d4e96,,,unrecovered,unrecovered
8d678bec7789b4f45a5937fd3569e327,,,unrecovered,unrecovered
a768d35479dada1dae71da76807f058f,,,unrecovered,unrecovered
023d5f817a9967267a3dba34251f98df,,,unrecovered,unrecovered
de9aefbc28b32b7996b92dda6ad0d460,,,unrecovered,unrecovered
d51db1cba1c46a0de571af7d65e6ac18,,,unrecovered,unrecovered
c973d2ca1c58f013c507decae31a0c26,,,unrecovered,unrecovered
45486555-9f01-4a7e-8432-3734af76555c,,,unrecovered,unrecovered
e806d9f46ba842485ff904bfcd677b0e,,,unrecovered,unrecovered
ea45dd1338d4e9dbf629a33711d73ae4,,,unrecovered,unrecovered
5a7b83c366f20f47b4fee61d4ed46672,,,unrecovered,unrecovered
4a082d8ce70f07f2c8ec4343fb09607e,,,unrecovered,unrecovered
2bc39245-d640-43d8-9530-b286f936c0ba,,,unrecovered,unrecovered
56a3f65b116a470d99c361fc2adfd5b0,,,unrecovered,unrecovered
d0dd63edc498d8af5ad88feec3a3aa45,,,unrecovered,unrecovered
019dc4ad-a0fe-4399-ac43-08b3934069f1,,,unrecovered,unrecovered
252a142060baed151fbdfe5c6e3b0dfb,,,unrecovered,unrecovered
0dc5c2d18af6c533f3bb0b897c4b0b92,,,unrecovered,unrecovered
8c08a58c7f37e1a9dbefae50a6cc9f88,,,unrecovered,unrecovered
1dc699e6e000b9c92aeae85d6eb4be64,,,unrecovered,unrecovered
8f8a6b6a8f41bcf6e6d82b9963c602f2,,,unrecovered,unrecovered
df6bd5343885ca965f03d4161ca708ca,,,unrecovered,unrecovered
48c87959-d450-4a1b-bfd2-9b98e92ead19,,,unrecovered,unrecovered
a1fd86df-eeda-4f7b-b38e-3600927245b9,,,unrecovered,unrecovered
39698809c3776f5cf8b4addb39a847b3,,,unrecovered,unrecovered
ac257ce0ad3fc16513c55487a6e0eec8,,,unrecovered,unrecovered
eca474d62ec9c844fb98d910e5b4bddb,,,unrecovered,unrecovered
4bdabc5bd786e2ab60383e19c1089f76,,,unrecovered,unrecovered
9fa4222ec7965d5d3df86cd6b7967041,,,unrecovered,unrecovered
3332a2eeb90d4b8ace89ce52e857c0f1,,,unrecovered,unrecovered
90a05b017060160c10ff6d99d5899d03,,,unrecovered,unrecovered
c3ce8e79074302a57f484a046a013c36,,,unrecovered,unrecovered
9505dcfe12be5fffcbb4ba231515c977,,,unrecovered,unrecovered
74f6eac8-62ee-4eb8-8011-46240d04e009,,,unrecovered,unrecovered
6ad7c2e050bff53dcea032cf7583bf0a,,,unrecovered,unrecovered
c3db0c52ced2e11be751309c2556006d,,,unrecovered,unrecovered
2a1c12b0d51a179892d195533f7f596c,,,unrecovered,unrecovered
c9b6722769932bb1efc2f6bc12ed7d65,,,unrecovered,unrecovered
b38e1c566cfcb22ad3f533f433cd0733,,,unrecovered,unrecovered
b8029140c5fbb9821be9425c7fd82df5,,,unrecovered,unrecovered
5d7ea50b7cbde896eda454af884fd39c,,,unrecovered,unrecovered
5dcad18dd9f772a1ad8cd21e85dc0d22,,,unrecovered,unrecovered
45cc90ae5276bda487c4d20efc9f681c,,,unrecovered,unrecovered
fdd6dae79b074bc46f43126e1bd6c938,,,unrecovered,unrecovered
a2d1fb8c976851526db46bd0a62df319,,,unrecovered,unrecovered
7ab9719066edb519fc70aaeb07eb4e06,,,unrecovered,unrecovered
eb25bd8aa69ff58fffe2f50db471c4a9,,,unrecovered,unrecovered
72eb0386899d377cdfcf670007ebfad4,,,unrecovered,unrecovered
929aa50770012fcc29ea7619e1979620,,,unrecovered,unrecovered
f7999d677294f41a6a77f628b2369578,,,unrecovered,unrecovered
4c8f301dc3b7a2b9427069599408694a,,,unrecovered,unrecovered
112ba24ae9e0c6f096b9128625f8832c,,,unrecovered,unrecovered
b42bf4c9f5cff809206c1566a65665f6,,,unrecovered,unrecovered
0a36304dec03e1ea2fcd956c4bb7d3a1,,,unrecovered,unrecovered
fc0c62d5010d40dbdc422b9877477348,,,unrecovered,unrecovered
e5217d6123baf58c5d7ef460fe54cd7e,,,unrecovered,unrecovered
bb003bdd403f4a9bad8b1c3b138f4060,,,unrecovered,unrecovered
93fcb2f3193c0a05e3e025c37b99ca8f,,,unrecovered,unrecovered
01632c497e0bafb8ff07907f753a0fa8,,,unrecovered,unrecovered
a1546bb46e3d70ff4ebbb688ece1535f,,,unrecovered,unrecovered
c0a634bc156f907ad148fff33e08a797,,,unrecovered,unrecovered
9720d368bcaebe97328d60764b349438,,,unrecovered,unrecovered
3cd203f594485bcf83054c3bebea8100,,,unrecovered,unrecovered
00f708cd3f4a7792afcfb4bc6dcb4017,,,unrecovered,unrecovered
34031d8d633b61cb8e6c5adf5ca66906,,,unrecovered,unrecovered
c7b3eca840b6f51565368e521d493bf7,,,unrecovered,unrecovered
8ff07cf9f7a1ac4cf1b990630c754913,,,unrecovered,unrecovered
ceb70ea6-74e0-4754-adbc-328208cd8ea3,,,unrecovered,unrecovered
0e2acc081df1ca0ea866498eb9da99ba,,,unrecovered,unrecovered
9bc27fa8e926dec612e192735d63911e,,,unrecovered,unrecovered
a039891794356a93f0b690fc9bdc1a54,,,unrecovered,unrecovered
2de7509b-b4b1-44c9-b134-e79d09773c1a,,,unrecovered,unrecovered
08bb21af456700fada1ac15ec4d32754,,,unrecovered,unrecovered
45edfe755f4b2466bbf0d84ea7d15401,,,unrecovered,unrecovered
7b8fc50363222eaf0d9371d86bb448e7,,,unrecovered,unrecovered
a9805813b67720210604c1200c2da2b6,,,unrecovered,unrecovered
d3d3a5bc95f33a9ea00a407f3a8ee393,,,unrecovered,unrecovered
72d63427fdc2f627b08d5dfaa6a9918e,,,unrecovered,unrecovered
8a7cd1257fb803546c12a12cc321b485,,,unrecovered,unrecovered
af7d4afb-4071-40e3-bcfe-2a5587e2dfe3,,,unrecovered,unrecovered
aa9f193d583a18aab0b2792f8a98f1fe,,,unrecovered,unrecovered
323e864133b581e07a8c628d290bd4e7,,,unrecovered,unrecovered
b21a4952f41284c5698fc67c88e64868,,,unrecovered,unrecovered
64c0fdcd4bf1913d365cacdad36c2fe1,,,unrecovered,unrecovered
a062b36a-c983-41ea-9902-76638bc8be53,,,unrecovered,unrecovered
949609e244d614218b23f50c5509c614,,,unrecovered,unrecovered
85332760f9d829ead4a9d30ffc913d6a,,,unrecovered,unrecovered
dd968c952a9ed6b1e3af66e050aca87a,,,unrecovered,unrecovered
e58231d097154095199ff717ddde87be,,,unrecovered,unrecovered
8e5161fdce365e61dd324aa6f48d1de5,,,unrecovered,unrecovered
ffdc11c523d214880eb61c0857311836,,,unrecovered,unrecovered
aa1d1c5dd44400b0e1ad5a37e2a3b90c,,,unrecovered,unrecovered
9171df5f-f639-4e1d-8617-9aad32be2aa5,,,unrecovered,unrecovered
62ca2f05e5976f9b8ebcd1f20bb36ee9,,,unrecovered,unrecovered
dff7ef4393f1895cbb07b7d19d29ad23,,,unrecovered,unrecovered
f750e4869f90de864f0e6d29eae3b512,,,unrecovered,unrecovered
4ab37b21a628826e513eba1b782f84ea,,,unrecovered,unrecovered
46535b644ad9b85b413dad8b13ae1edd,,,unrecovered,unrecovered
e32f4ccd3fdc9b9fed8eeb427b68306a,,,unrecovered,unrecovered
0db43ecb-1c8f-4efb-bb0e-097d5e9d0d4d,,,unrecovered,unrecovered
2d829d14f389f6ac8a11d4a4542f3739,,,unrecovered,unrecovered
386b7d92-a6fa-4005-abfc-50d67387cc7f,,,unrecovered,unrecovered
1370d580a7e7a91afcbbfed1cc0f800a,,,unrecovered,unrecovered
96f5b41df88bd3c1a0f1348567f3b6cb,,,unrecovered,unrecovered
244cd227d650008ad779e4449c685ac3,,,unrecovered,unrecovered
426aa538ac3f297b151503a0eae1889f,,,unrecovered,unrecovered
9d3d65b9cef63049b3da71481aa360c3,,,unrecovered,unrecovered
8be2785241ad8588627189631f7b45b2,,,unrecovered,unrecovered
92edbc425cf8eb1429203b38912144e1,,,unrecovered,unrecovered
1746e618853fd17448f2740f90622e42,,,unrecovered,unrecovered
af4a0c3d71c82e28ce9d41f9ee8c4c2d,,,unrecovered,unrecovered
46a4faf1ae6a4426e6e96a35abb5074f,,,unrecovered,unrecovered
b49e57348a42e770f507d12b21652c1f,,,unrecovered,unrecovered
9872f10883b923d198db1dc9bc62d15a,,,unrecovered,unrecovered
ede87c9406eefbb3f9a689b9f30201c6,,,unrecovered,unrecovered
8b55d958-cd2e-4e51-a940-beea6b96e718,,,unrecovered,unrecovered
4e8dcd0d52b5e39bb8b0a63594d25e50,,,unrecovered,unrecovered
2e44a78926bf2e58f9839493a4fb9a3a,,,unrecovered,unrecovered
d3dd2646d2862a60cedd6f8ce7112a34,,,unrecovered,unrecovered
2e6d4bee953ce3099164392bbf49529e,,,unrecovered,unrecovered
65ca56724f8e271537ee048c58f5fc66,,,unrecovered,unrecovered
4f0f1ca31425d5e73907dd50ad5ea209,,,unrecovered,unrecovered
8b78ab189bc74d57e94affa65ed64547,,,unrecovered,unrecovered
4b50219c5f811a4a2246f70fc8778fb7,,,unrecovered,unrecovered
f7e100176f3abaa371f2be1f2591b052,,,unrecovered,unrecovered
7be87f50d6ce946ddf06aa2699e8fc7d,,,unrecovered,unrecovered
ad497666ac65587fce985d7623871ae7,,,unrecovered,unrecovered
59433b6bf3dc2b8185aad87ff88b37e9,,,unrecovered,unrecovered
cccde842a9770067e91c4fe35cb36e05,,,unrecovered,unrecovered
60782d20cc8bfb457db8081589abf190,,,unrecovered,unrecovered
52b768babdfab2dde3b7f5754ab0356d,,,unrecovered,unrecovered
c06c776d341830fe0656ce80a4837c43,,,unrecovered,unrecovered
69f9025a676799aa7c78d9391f364e42,,,unrecovered,unrecovered
b4055e74149d72b39af4bb6ed912d4dd,,,unrecovered,unrecovered
0ab856c569e714140199edcea3bf4b1b,,,unrecovered,unrecovered
ecccb36d-f9f3-405b-aec4-692a0b41c947,,,unrecovered,unrecovered
aced284fc4b70f07ffb942630def4b70,,,unrecovered,unrecovered
71c80fc88d513e986ada1a2c216f27fa,,,unrecovered,unrecovered
2416e0ec038a44a6796b03e1ca47e793,,,unrecovered,unrecovered
651d77d6513bb3bc5015b268b2478288,,,unrecovered,unrecovered
4c7f68ff837be67b255daa570abe07fb,,,unrecovered,unrecovered
f306de31c0bd997ca6d12994325dd787,,,unrecovered,unrecovered
4e7b4e261c3e2bd62b06b2ac9aa91aa1,,,unrecovered,unrecovered
ddad0ee9440251e63a9cec90b10d6ec6,,,unrecovered,unrecovered
b7c33256-268d-48b6-8e2e-3a1342b81df1,,,unrecovered,unrecovered
4186c0e597bd570c83b7b206d4115e16,,,unrecovered,unrecovered
22ccf1fe0913a4ba90e8fe9f959512bc,,,unrecovered,unrecovered
9ef67cc04c109544fd8ca5096e5f56d7,,,unrecovered,unrecovered
c0b082b5-a6d8-4b0f-98f2-d4856daffb78,,,unrecovered,unrecovered
6a10a30f5106b16c5a03380efb724236,,,unrecovered,unrecovered
3e5e60d596b309856a54fb4a70f7d0fb,,,unrecovered,unrecovered
d85928edea1d03e330c870425e4ca375,,,unrecovered,unrecovered
7b4a2d22-bc7e-4231-b39c-2c9c075d0d99,,,unrecovered,unrecovered
d708199af57645920649bf70701ad00b,,,unrecovered,unrecovered
3882854a55bd3395269935f3dfaf0e04,,,unrecovered,unrecovered
20d463daeb37810f910859c9e80bea4f,,,unrecovered,unrecovered
8bdc76a8-fe3c-44a4-a364-86fb8a7b30f9,,,unrecovered,unrecovered
6b65f7999301cb59cbf91807f8e0e3df,,,unrecovered,unrecovered
ff4c2cae6fe0ac0bb40cb56c5d95b871,,,unrecovered,unrecovered
54f48ef9b405c33b8169c8a91d06aed8,,,unrecovered,unrecovered
69cf47984e44a1538e7d353b34def42f,,,unrecovered,unrecovered
75b079b90cfa4c4e4b4bcbae5658c3b5,,,unrecovered,unrecovered
487c4e7bd1e2ee065733d2f80e94efec,,,unrecovered,unrecovered
dbc4ea2e435a7bb740ac91585d351f12,,,unrecovered,unrecovered
9971eab5-4b43-44ec-a24c-b2719d0b8748,,,unrecovered,unrecovered
1fc843fe63b2d9171fc37633e1e1e472,,,unrecovered,unrecovered
849b07a02221722a6cd198a1e4c068a6,,,unrecovered,unrecovered
27f009c6aa33171f66c64a2de29a74bf,,,unrecovered,unrecovered
cc1cd78fa1802e71cb180157748d7a21,,,unrecovered,unrecovered
aa72b958784d741e2f739f3de8cd87ec,,,unrecovered,unrecovered
e8da5391556ebf803535dd7b25f4e664,,,unrecovered,unrecovered
65a8cc311b2f6a8372023c24a19e2a98,,,unrecovered,unrecovered
4b184fd59f863d57f3b442899fd44ad3,,,unrecovered,unrecovered
fb0d5ee90f5bbf7c8d887e8126e2e196,,,unrecovered,unrecovered
59dd6e85af22bfbbc3847fd8abc1123d,,,unrecovered,unrecovered
6b06662971231ece5503a6e40505c924,,,unrecovered,unrecovered
d6d8cf166fd37b01091d10c22ce10024,,,unrecovered,unrecovered
e45dfbdabe4a1c72627e7fa971794dea,,,unrecovered,unrecovered
26f6ca54-40cb-4035-b19e-3e7403905497,,,unrecovered,unrecovered
589c26316d4d690373982e66e68cfecb,,,unrecovered,unrecovered
ff394513090501b3bb69c9c2abcab152,,,unrecovered,unrecovered
4c38df2f0e6ba01423d9191924bd41cd,,,unrecovered,unrecovered
17ff941d99f3ebdd65c837dc9e1d721e,,,unrecovered,unrecovered
cf2201f29717e17d2876ef2b102b7caf,,,unrecovered,unrecovered
dc5820eaaccbd09e13aa8c2110857cc3,,,unrecovered,unrecovered
3f7b9f45f66ef9909ed452c37443795d,,,unrecovered,unrecovered
452d88fc7580327fff8c4ea197f626e9,,,unrecovered,unrecovered
a65cc4b16a26c4b4aa812e5fbb9d6150,,,unrecovered,unrecovered
9515c0a3fefe53b20f22e5b9e37cb136,,,unrecovered,unrecovered
a6efcc6de330f97af30e66d1ab6eb7e9,,,unrecovered,unrecovered
7d03f379bc4610b429309ec0150c26fb,,,unrecovered,unrecovered
ef301f72-39cf-45b6-b3f7-81d334b42e7b,,,unrecovered,unrecovered
3f0143b8ef161d5dba3ac028f09bbcea,,,unrecovered,unrecovered
27ff917e0056c9600f69868bb4b8f590,,,unrecovered,unrecovered
5a1091c05f535163aa4cf2173acc60f9,,,unrecovered,unrecovered
47033ab6f5cba4154e7420dd2457b5bc,,,unrecovered,unrecovered
ff7e00de39653cb5ed09822fcac57bc6,,,unrecovered,unrecovered
c8bb40bc30f7e26f55df1149a4beec1c,,,unrecovered,unrecovered
d79b026fd645ea223db7b2c7916402a2,,,unrecovered,unrecovered
b76c593bf7179609524a3c01fddc665a,,,unrecovered,unrecovered
f8f0556445be4f9cad7a34aaadc890f1,,,unrecovered,unrecovered
5f5a7cb01fa07e68fdc95cd648581090,,,unrecovered,unrecovered
b8e61bb15e64a77baaa1138b2c948c93,,,unrecovered,unrecovered
18113bee-6436-4d3c-b435-235d2438af56,,,unrecovered,unrecovered
0ecbf55a55ffc02de28b1480e1417713,,,unrecovered,unrecovered
242fbb06deef395f761790e5c04e64f3,,,unrecovered,unrecovered
c00a84ca-5a06-4196-b9c9-568e07171b7b,,,unrecovered,unrecovered
98c113c8b9dcc3d3e8489ee4f819ba68,,,unrecovered,unrecovered
10cdf28ec274bddb77dec50daca69f24,,,unrecovered,unrecovered
12121859d4a58fc20ceae1f88657c55a,,,unrecovered,unrecovered
5f5052fc86f7283c6e0f4b021df0913d,,,unrecovered,unrecovered
118b61970a1cb032773f7e19f319dc13,,,unrecovered,unrecovered
c56754e889be2796fc7341186a213e00,,,unrecovered,unrecovered
5b5004a5cb02b8dfc0976455dd150ec3,,,unrecovered,unrecovered
3a425825410bd9bbb663e0a93ae29bed,,,unrecovered,unrecovered
674e45b3f38b3fae78966faa1993b7a1,,,unrecovered,unrecovered
aa53daf311b2ed5818346c1a8d77dd0a,,,unrecovered,unrecovered
3c0f236ac5bccccd8931a2a193c0af9d,,,unrecovered,unrecovered
68b4b20c00b54b8ce674f9a0d3d33e47,,,unrecovered,unrecovered
bd97a63779b80a0d8418639482888d17,,,unrecovered,unrecovered
f74e826e3a3c79ae0a8b98618cd5be8e,,,unrecovered,unrecovered
450b77375f9b76102316f1f085524230,,,unrecovered,unrecovered
7fb9597990bb4b1297ce0f53f1f4cc90,,,unrecovered,unrecovered
caf76979d46dd7fe835fe919c62dff0d,,,unrecovered,unrecovered
89f63eb098a6634e05b2cf9e06926735,,,unrecovered,unrecovered
74df26d8107b847d2d40bdab62730e0b,,,unrecovered,unrecovered
72be2b271c0eacd5690697aea2cb1571,,,unrecovered,unrecovered
8bdd124616030aafdaeb9aa0c4decfb5,,,unrecovered,unrecovered
8c0d9e8e491b1d24d254c51082f98191,,,unrecovered,unrecovered
657cf4495538a4c5734128bd415b1256,,,unrecovered,unrecovered
6b127567fec1707f59ee0e4def0683e7,,,unrecovered,unrecovered
9808ce0a0eae297abea282c15eaeb657,,,unrecovered,unrecovered
a49b3a98c180316bcd85a897c4c2d332,,,unrecovered,unrecovered
5a3dcd52e490e5355ae5b65c68bd6344,,,unrecovered,unrecovered
248b80b877268e028e2a28237e6634d5,,,unrecovered,unrecovered
e639072987044eb5206ab4fff71c93b0,,,unrecovered,unrecovered
7da29fbc-75f8-4ed4-b41f-391e38c7a16d,,,unrecovered,unrecovered
c5e9178928ddad31d6f93f8dbacce582,,,unrecovered,unrecovered
2fbe1cb2bff400b3d898156570344496,,,unrecovered,unrecovered
c154848399a4f841032152a8fd110853,,,unrecovered,unrecovered
1c40e611bf221a4887d15aa63dfeab4a,,,unrecovered,unrecovered
3faa14ab6e4926a2801762d051f6be07,,,unrecovered,unrecovered
ad2cd3935f935daeff53d85105d1247f,,,unrecovered,unrecovered
f6d1ad64-70d5-481f-b013-143d63450b5d,,,unrecovered,unrecovered
648c48fa335d04ef08ced6789d73e7b6,,,unrecovered,unrecovered
272c4b74-97c0-4724-9b63-5c8405c2eeb6,,,unrecovered,unrecovered
279659873728db818ccc4144460423e0,,,unrecovered,unrecovered
3c13d552c99343e6bf3956ba074a1de1,,,unrecovered,unrecovered
f55f5c3e8b53f31e4579bb7b6e27e641,,,unrecovered,unrecovered
74a8caac68ce9de269ecea0d1cbb6ec1,,,unrecovered,unrecovered
b87359632ddd854d536864cabe9f7300,,,unrecovered,unrecovered
3fd4d7fc4a414ed435f0e59263a18e9b,,,unrecovered,unrecovered
1c80d7f120424b69ab1877ec41c68ee7,,,unrecovered,unrecovered
f49f1c737a56daff341433cb60b7924d,,,unrecovered,unrecovered
7503ff288bff8e874e73449a51813e7d,,,unrecovered,unrecovered
9e01777dfb2f3e224a79d3cd87af2b62,,,unrecovered,unrecovered
4d93502307889b04bd949f31e69c6023,,,unrecovered,unrecovered
0d47341b2c8035885544353725467f5a,,,unrecovered,unrecovered
b788e6e0dcd0937da8a32b74843093ac,,,unrecovered,unrecovered
e45de9de342015e87c2e0f6b9ac79681,,,unrecovered,unrecovered
f7986b254fccd375bccb3f49786ec8b9,,,unrecovered,unrecovered
782410b459147b8f4b4068e24d1ae9d9,,,unrecovered,unrecovered
