id,prompt
6eede943219547c22ac56085027d33cc,"The image shows five horizontal lines of varying thicknesses and lengths, arranged vertically on a white background."
ea045c7a247166f061ce504d9b7ccaab,A stylized icon depicting a curved arrow within a square shape.
600464e4d92c75338462271a09b3f176,"The image shows a single dark gray triangle pointing upwards, centered against a plain white background."
8cbefcd53fd5dfa2cbe1b374356ed709,"The image features a simple, blue outlined camera icon centered within a white circular background."
bef2864d9a862b7436c73435346f1c64,The image consists of three black rectangles with varying heights arranged horizontally on a white background.
7f11068772653f283977d9c2f5612a02,"An illustration of a blue checkmark centered on a light blue document icon with a dark blue border, set against a white background."
8821c406-676c-4fdf-b18f-fe01c00d793f,"The image is an icon of a file folder with a plus symbol, indicating ""add new folder"" or ""add files."""
1d800968d7d3aa76b9e097cee61fbe60,A simple circular icon with a play button symbol inside it.
75ea7d1de57013d3d210046f6cec14d5,"The image features a single black checkmark inside a thick black circle, all set against a white background. The checkmark is centrally positioned within the circle, which is also centrally aligned in the image."
9bda86e2078baf4d4fa15be8de3bcdce,"A black outline of a smartphone icon with a white screen displaying bold black text 'APP' in the center, positioned against a white background."
7116d593ba10694dbf864f192ff2f07b,"A dark gray square frame contains a black musical note with an orange oval inside it, positioned centrally within the frame."
fb7d61688fa296dea40d7e579db49428,"The image features a light green rounded square icon with a central plus sign, two horizontal lines, and a curved line forming the shape of a document or file symbol."
1d716bd624982a0e450cbdd9abbc21f6,The image contains two intersecting dark gray lines forming a cross shape against a white background.
c323393eac394f19afec9f714b63976d,"The image shows a black RSS feed icon against a white background, consisting of three curved lines radiating outward from a central point."
8aeed0decb8802edd77fde5e026eb915,The image features a single black circular outline centered on a plain white background. The circle is uniformly thick and evenly spaced from the edges of the image.
81ef4bd0b6d6d5e1980b8e39646d5097,"The image features a dark blue telephone receiver icon inside a circular outline, set against a white background."
46985c942079349b8c4d5fcc20999368,"The image features a black rectangular shape with a smaller white rectangular area near the top and a concentric circle design in the center, all set against a white background."
e3e0fff5ead535daf599d302dd645b45,"The image features a single black geometric shape resembling an arrow or pointer, set against a completely white background. The arrow has a triangular form with distinct sections: a larger triangle forming the main body and two smaller triangles at the bottom, creating a stylized appearance. The edges of the shape are bold and sharp, emphasizing the clean lines and contrast between the black and white elements."
912205c69e8d840c623389740a95c61c,"The image features a solid black rectangular shape positioned centrally at the top, with a horizontal black line below it, set against a plain white background."
thesantatitan_deepseek-svg-dataset_0004683,Generate svg code for an image that looks like: a bus icon. Don't use markdown just give svg code
thesantatitan_deepseek-svg-dataset_0003059,Generate svg code for an image that looks like: a black background with a white and red flower. Don't use markdown just give svg code
22c9af1ee5c39d0f2c1cfced7b303b31,"A white 'X' shape on a black background, consisting of two thick lines intersecting at the center."
3307888a6e369e7b8fe8f97b1d5ca059,"The image contains a blue speech bubble icon with a question mark inside it, set against a white background."
thesantatitan_deepseek-svg-dataset_0003803,Generate svg code for an image that looks like: the logo for the airbn. Don't use markdown just give svg code
thesantatitan_deepseek-svg-dataset_0001862,Generate svg code for an image that looks like: a black background with a white and red flower. Don't use markdown just give svg code
d3662fd819d68f1d3ea300f7ffbafaf1,"A black circular shape with a white 'X' symbol centered within it, set against a completely white background."
36395e670d119b48df4895776d5b74c2,"The image features a black rectangular icon with rounded corners containing a stylized profile of a person's head and shoulders, accompanied by a prominent black circle with a plus sign inside it to the right of the rectangle. The entire design is set against a plain white background."
0feb0f573c27675b0d3a4d9a314f8127,"A black shield-shaped icon with a white checkmark in the center, set against a white background."
580d7d5cdf416645f13d6d9e3aa2590b,"The image features a single black square with a white checkmark placed centrally within it. The black square occupies most of the canvas, while the white checkmark is positioned slightly off-center towards the bottom-right quadrant against the dark background."
c8d9f86a253c3316308f642ebf1df890,A simple black square outline on a white background.
6533809323284ce30427cde779fff269,A teal-colored beach umbrella is depicted standing upright with a reclining chair positioned beneath it on the ground.
8f92d1229080b7ce7b1fcec21cb213db,"A black circle with a smaller black rectangular shape inside, resembling a screen or monitor icon."
1bfff390-28ce-4d73-85d4-0c58113fdd88,A blue line drawing of a bookmark in a rounded square.
959e0c49460d7355330faa5fc6966fa6,A minimalist abstract design featuring a rounded shape with a smaller circle inside.
e9ffd3297260257322b15ba6510e836e,"A single black triangle is centrally positioned against a clean white background, with its base oriented horizontally and the apex pointing downward."
4a968506f2c7f3da659a1d8cdc568ddd,"The image shows a black folder icon with a white background, featuring a closed folder design with a tab at the top."
89aef77e14a596edcf6a61dc687e18f2,A black background with a white rounded square containing two black lowercase 'c' characters.
69c33b61d96656ff61ed82d455d9142b,The image consists of a black power button symbol against a white background.
3c0fc1a44e3b6a8aaae3f7daacfccc90,A simple black arrow pointing downward with a curved base.
41326c8540b89371b2ac41cd1ce06b32,"The image consists of three horizontal rectangular sections: two blue sections at the top and bottom, and one light blue section in the middle, separated by black lines. Each section contains a single black horizontal line centered within it."
thesantatitan_deepseek-svg-dataset_0003427,Generate svg code for an image that looks like: a black background with a white and red flower. Don't use markdown just give svg code
2083ff4e29756f813951e64909f79e87,A single black outline of a teardrop shape centered on a white background.
a3f7d55f98b9f4650982837716e45558,"The image consists of five horizontal gray rectangles stacked vertically, with a gray triangle pointing left aligned to the right side of the bottom rectangle."
8edb2eb8e91319b38e0861e57637f9be,The image features a black square shape with a white diagonal line crossing from the top-right to the bottom-left corner.
868eb1cfe38c855f29c42910408a503f,"The image features a dark navy blue circular design with a teardrop shape at the center, flanked by two small dots above it, set against a white background."
11a27a3b6cf29b26cfb4e9705a0f2b91,"The image shows three horizontal black lines, each containing one filled black circle positioned at different points along the lines."
e1f2704ae308f86cfd5a65dce745e37a,"A simple black icon with a rounded rectangular border containing the number '9' and a horizontal line at the bottom, set against a white background."
b3e6d797f017ecf5c69db1bc13ea6505,A black arrow pointing to the left on a white background.
f8442c8dd7a2c3d1ae8c7c1f2ea9a253,"The image shows a simple, yellow house icon with a brown door centered at the bottom."
thesantatitan_deepseek-svg-dataset_0002981,Generate svg code for an image that looks like: a mask icon. Don't use markdown just give svg code
501d22e95eb0f1a021b4cbd657a09f60,A single gray checkmark icon centered on a white background.
9c714437b101a275aa57869f2fe83aa5,"The image features a single black lightning bolt-shaped icon set against a white background, with sharp, angular lines forming the shape of the lightning bolt and a central white triangular gap dividing it into two distinct sections."
thesantatitan_deepseek-svg-dataset_0002054,Generate svg code for an image that looks like: a black background with a white and red flower. Don't use markdown just give svg code
c1ed0cae3affe5b41eafffb724da4eff,"The image features a black circular outline with a black hashtag symbol (#) centered inside it, set against a white background."
ef0950dbc0cfd0a6b9e64593180580ee,A black geometric design featuring a square and a curved shape against a white background.
99dd6d71-6ed3-4053-be6f-8fe2586fd599,A black and white icon of a toilet with a step on the right side.
55d6d473c725fbb1de811c9d2afdaa8c,A simple black outline drawing of a head and body shape on a white background.
d3e7f6cc778c47961ce4efeb7829f5f0,A black cross is centered within a black circle against a white background.
thesantatitan_deepseek-svg-dataset_0002855,Generate svg code for an image that looks like: a black background with a white and red flower. Don't use markdown just give svg code
ae8f7c626b4d5dcc1e9f3ba1ec56d8db,"A single black greater-than symbol (>) is centrally positioned against a plain white background, with no other elements present."
f1483a452ca6724ef63ee11ca94fb4b9,"An unlocked padlock icon with a simple, minimalist design."
4f373ffabc552ec0ac5d7f039c79e730,"The image features a black arrow pointing rightward within a black rectangular border, indicating an entry or input symbol on a white background."
a76889ab492cb7974e73d5a0b1b02d01,"The image contains three gray rectangular elements aligned horizontally, with the third rectangle slightly tilted to the right."
2a5ed734fc8b884fb29017f2b145469e,"The image features two black rectangular outlines placed side by side against a white background. The left rectangle contains three horizontal black lines near its top, while the right rectangle has two smaller black circles positioned vertically along its center axis."
ad66f0cb81724c93dce3bce7fb6ee477,The image features a single purple circle with a black diamond-shaped symbol centered within it.
a9b948dca66819446ca60ed183b64f56,"The image shows a single dark blue triangular shape with a central line dividing it, positioned centrally against a white background."
e77199c27ef910306b1b05c3071d5f02,"A blue icon featuring a stylized currency symbol (Â¥) crossed out within a square, set against a white background."
4c2ca501bd739340de1d7090e731bb01,The image consists of a black outline depicting a simple human figure with a circular head and an oval-shaped body against a white background.
976ce5a45126d71ebbe4ff71467d4cd6,A shield icon with a blue checkmark inside it.
366b603a3643088ac81d98569bd3e962,The image shows a 3x3 grid of gray squares on a white background.
f042a3f29c965a1ea50f22002bbd25e0,A black outline of an open book icon with a circular bookmark or ribbon at the top center against a white background.
ea23c50eb991f46f812108d7f2b88e95,A black circular background with a white 'L' shape centered within it.
208d3a204869313c75a2188821e965b1,The image features a blue cross centered within a dark blue circle on a white background.
c485dd74cf5e9bb13491c0d54589939a,"The image features a single black circular outline containing a smaller black checkmark symbol, centered within the circle against a transparent background."
26accc1d0eae3cf5a282fe8bc9f24ae6,"The image contains four blue geometric shapes: three squares and one diamond, arranged in a grid-like pattern with varying orientations."
73708003-fcac-40e5-ab72-56cf146bd6ea,An image of a dark blue arrow pointing to the right.
29aeeb99-5145-4c28-9fca-7a691e2fcbba,Two downward-pointing diagonal arrows on a white background.
cd10d9e2a00497818b7bc88db9265125,The image features two black geometric shapes on a white background: a rhombus at the top and an inverted 'L' shape below it.
687d6990a090b56714dc2d45160f2770,"The image features a black outline of a rectangular shape with rounded corners, containing a smaller black square inside and a small circular dot at the bottom center."
thesantatitan_deepseek-svg-dataset_0004039,Generate svg code for an image that looks like: a black background with a white and red flower. Don't use markdown just give svg code
bb49941826f148b8df0fc8ccffc8ed31,"The image shows a black calculator icon with white symbols and a display screen, set against a white background."
e33ef0e67b141c3ca4c25fd009081b9f,The image features a black location pin icon on a white background.
ca98032e0ec54cff276b43ce2c8bcc96,"A black rectangular icon with white checkmarks and horizontal lines, resembling a checklist or to-do list."
f08f803eca6e2ccf56623f2b88111307,"A gray icon depicting a container with a lid and two handles, set against a white background."
01b96b3b48ebec80ad1c1fd978143edf,A simple black zigzag line on a white background.
86c7a83cb9e81bdf455a99e659137ef2,"The image shows a black checkmark (â) enclosed within a black circle, both drawn against a white background."
fa36047dea04e51d93fb31470871d5e9,The image contains a white curved line inside a square boundary on a black background.
ae0d69831dfeb9bb21e44699e9483e11,The image contains a single black vertical line centered in a white background.
5bc26faa106b61de6c697d8389b2494c,"A black circular outline containing a black rightward-pointing arrow, centered within the circle."
thesantatitan_deepseek-svg-dataset_0003317,Generate svg code for an image that looks like: a black background with a white and red flower. Don't use markdown just give svg code
e4dfae5a4b965b6aa85f8653c7cfb9e4,The image features an orange pin-shaped icon with a black letter 'A' at its center.
4e2cb420fbaff506b56aff612a1ea247,"Four gray circles of varying sizes are arranged in a 2x2 grid pattern, with one circle containing concentric rings."
15ec41d43f41853fab819a5c5844b8ac,"The image features a black square with rounded corners, containing a single horizontal gray line centered within it."
4bab6c8a-3ef9-4e83-913c-42967c7e50d0,"A black-and-white icon of a battery with three vertical slots, not filled, indicating a low battery level."
cbfcd190d8a34707569179ac050afc08,A simple black silhouette of a rocket ship against a white background.
f842bfcb04d3fbddcdf9f2a18e6fd61e,"A gray checkmark icon is centered within a rectangular outline, with the top portion of the rectangle filled in gray."
2959a4147b65342b54cc5537cad9104a,"The image features a simple, stylized human icon with a dark blue outline and a pink smile, set against a white background."
decc4c13cc2aa6760c8870b9a04d6a42,"The image features a single teal-colored hexagonal outline with a circular hole at its center, placed against a white background."
3f480073f77d15df0d59993b573832c7,A stylized illustration of an orange popsicle with a black stick and red tip.
e347d66285704a472274748785b2ce9d,A green bar chart icon with varying heights and a horizontal line.
f56f5527-6b18-40ba-be43-310c034c0450,A black exclamation mark within a circle on a white background.
73f19b688a39c0cdf6157fb4e2c4537e,A black geometric symbol composed of interconnected shapes arranged within a square boundary.
3cf1e548ac96efa8a849c2e30c09c2c9,The image features a black outline of a megaphone against a white background.
4a2c2e6b0d883c43b80d1b8c00c9d143,The image features a simple black silhouette of a person against a white background.
6bc68236fcd5a5301ae4c596734549c9,A white checkmark symbol inside a white circle on a black background.
thesantatitan_deepseek-svg-dataset_0000533,Generate svg code for an image that looks like: a black background with a white and red flower. Don't use markdown just give svg code
3ac2c9ed08f0f1b85f95bfba0e84da08,A red trash can icon with a lid and two vertical handles.
a0df842d-d482-4917-94f0-25b885c1c3ec,"The image is a gray line art style portrays a lowercase letter ""i"" in the middle of a circle."
0de7149e99b56fde10e47d1c29a032ba,"The image features a black triangular shape with a white exclamation mark (!) centered within it against a white background. The exclamation mark consists of a vertical rectangle and a smaller horizontal rectangle below it, both in white. The triangle is oriented with its apex pointing upwards, and the white background surrounds the entire figure without any additional elements."
d966537c-46ae-4e34-8347-b0b273743187,Three squares with inner smaller squares and a triangle pointing down.
22d04b3be8c872703266802c919a57b2,A black square with rounded corners contains a white letter 'E' positioned centrally.
1ffcf29fc54313c8b4e75e9072b651c8,"The image shows a simplified black-and-white illustration of a computer monitor with a rectangular screen, a thin black border, and a stand. The screen is depicted as a plain white rectangle, surrounded by a black outline that forms the monitor's edges. Below the screen, there is a black stand connecting to the bottom center, with a slightly thicker base providing support."
d5831d22106a0c672f06cc95e6fc3184,"The image features a black outline of a rectangular shape with rounded corners, containing a single horizontal black line in the center, set against a white background."
a4022c2822c93ed88e60f70ec8f877cb,The image shows a pink folder icon with a blue heart shape inside it.
eac44be984595232d314038a2de321ab,The image features a blue magnifying glass with a teal circular lens at its center and a light purple handle extending to the right.
db53c8c82b81efca578d46ffb9ddf1ff,"A black circular outline contains a white face with two black round eyes positioned symmetrically near the top center and a broad, curved black smile near the bottom center, all set against a transparent background."
thesantatitan_deepseek-svg-dataset_0002990,Generate svg code for an image that looks like: a black background with a white and red flower. Don't use markdown just give svg code
4683d181d4956eae836923f39c1a8246,A blue square with a circular shape inside and an equal sign next to it.
0139c8b5480769aed9b19064eacfa406,"A black grid consists of nine evenly spaced squares arranged in three rows and three columns within a white square background. The squares are uniformly sized and filled with solid black color, creating a symmetrical pattern."
ce8ac939a28821660b25d8e82a4e040c,"The image contains three dark gray circles aligned horizontally at the center, set against a white background."
abaca1bd-1bb3-4dec-9316-76cd5bbcb07e,"A black line drawing of a square with an arrow pointing to the left, set on a white background."
973b240f0cb9d52940206c72b8acef67,"A single black star-shaped icon is centered against a plain white background, with five evenly spaced points extending outward from a central point."
e9e06f483926aa9173f47efdff47bdfd,A simple line drawing of a document with text lines.
be0626beefd28e1e0dac6a99dfbc4654,"The image shows a black square grid with rounded corners containing nine white squares arranged in three rows and three columns, set against a white background."
f589c2b36017997b6cf8fec88a1b0210,The image shows a black trash can icon with three vertical white handles on the front and a circular top handle.
c8ecb42b67d98b80728ae0800580c7f5,"A black chart icon featuring an upward-trending line graph overlaid on a filled black rectangle, set against a white background."
403dd46dcbadef8e7a82aabda5c0d5ce,"The image features a single gray arrow symbol pointing left, centered against a white background."
2e7630a66e4c461b4ba8832fb2c9eb05,A black and white illustration of a calendar icon with a blank page containing five black dots representing dates.
ac4acd9150326a0101068a3d40828e80,The image features a teal-colored 'X' symbol enclosed within a teal circle against a black background.
555907014c744d478184abd3c533833c,"A black outline of a square frame with rounded corners is depicted against a white background. The square has four rounded squares at each corner, connected by straight black lines forming the edges of the square. Each corner square contains a smaller white square within it, creating a symmetrical design."
810635cb0eb01e92368295951f7829bf,"The image consists of a completely white background with no discernible colors, shapes, objects, or text present."
622391934b16f56fc5432d4257fe5f6b,A simple gray gear icon with a white center.
0fffa7b61a4c17c2e20b1f46eda9b7b6,"The image contains three black horizontal lines numbered 1, 2, and 3 in black text, arranged vertically against a white background."
02f8d0703df269ab1f6b2b721f61eb40,"The image shows a simple black circle with two white circular eyes and a white curved mouth, positioned centrally within the circle. The background is white, creating a stark contrast with the black face."
2ef2753d777c31bf5331ef7691a51c03,A purple arrow pointing to the left.
f4db9007ce8675094d29cbf5cbed692a,A stylized blue icon resembling a pacifier with a loop at the top and a circular base.
374605817a610078144d145016357fd1,A clipboard with a green arrow pointing left on its surface.
b40657d55b72089f8017320972579a23,"A black cloud-like shape with a white upward-pointing arrow positioned centrally within it, set against a white background."
d5fecb02676b57a58c8ecba2188f15c3,The image shows a single black letter 'B' centered on a white background.
a1a9ed9f8e8ba3a5f7a3c3bba3052769,"The image consists of a blue rectangular outline with a smaller blue rectangle in the bottom right corner, set against a white background."
ff1d3c30bedd80ff49645734fb3f0579,A green square with a white speech bubble containing three dots inside it.
c4890de3e15f42c2f51407fdbee9c65b,The image shows a gray arrow icon enclosed within a larger gray outline of a rectangle.
b3bc18737e09298638058fc0e73edfe6,"A black icon of an open book with six horizontal lines representing text, set against a white background."
1b91a87ceb02be159be9c622186fccb6,A simple checkmark icon enclosed within a circle.
5d3523ac267ea453f2dee29b27742600,"The image features a black 'NEWS' text at the top and a black icon at the bottom, consisting of a vertical rectangle and three horizontal lines to its right, all set against a solid white background."
6581c6cfae44dfbd3ebf4c2ff86fb790,"A black circular shape with a white face icon featuring two small white eyes and a white curved smile, centered within the black circle against a white background."
ecc57ddb50404c8ca7b0ab8755108c12,"A gray icon depicting a trash bin with two vertical lines inside it, representing the bin's slits or openings."
423c3b02fb71e0cdeba220b5e5ceeb72,"The image features a blue connector cable with a gray body and two white ports at the top, connected by a solid blue rectangular section."
0c87d84034ba5da6a50123b4dc98289b,A minimalist icon depicting three interconnected circles within a dark circle.
428732138d7c2b3af31515432bb3facc,The image shows a simple black icon of a delivery truck against a white background.
132c4b91b99af7734d0a1d8a796c8990,"The image shows a black and white icon featuring two vertical brackets flanking four horizontal lines of varying lengths, arranged symmetrically against a white background."
14d9bf25fcbd9c1b7ef43d6c3ddfe5eb,A minimalist icon depicting a document with three horizontal lines.
thesantatitan_deepseek-svg-dataset_0004735,Generate svg code for an image that looks like: a black background with a white and red flower. Don't use markdown just give svg code
649540a8fd20684a9d4bda3b637a0f03,"A black rectangle is positioned against a white background, occupying the upper-right portion of the image."
38f0152a-a6e2-4e37-9095-34e8000ed74d,A simple icon with a plus (+) sign inside a rounded square.
thesantatitan_deepseek-svg-dataset_0002188,Generate svg code for an image that looks like: a black background with a white and red flower. Don't use markdown just give svg code
thesantatitan_deepseek-svg-dataset_0002535,Generate svg code for an image that looks like: a black background with a white and red flower. Don't use markdown just give svg code
8f6a8b2945e5f442f4aeaa8b3345b350,The image shows a dark brown checkmark inside a rounded square border on a white background.
b7915534de58d3a9d1ba0129d36a52cd,"A circular arrow pointing to the right, indicating a forward or update action."
28c00a3a8e0e7c38d848fdb6a90a0933,The image features a solid black heart shape centered within a larger gray circle against a white background.
c8de301d35c53d0e72df6ae56edde621,A circular arrangement of four black arrows pointing inward towards the center.
305ead77-a8ba-4258-9a52-388ab6b33bfd,A simple toggle switch in the off position.
97807803c0b98a7c0204b3d651b01215,"A black icon depicting a stylized table or desk with legs, featuring a central handle and two side handles, set against a white background."
8af3927f4b61dd96b13296860a9d079d,A black circle contains a black plus sign at its center against a white background.
12ef9d71b62d5ed7808cbde91910a258,"A black padlock icon with a white background, featuring a rectangular body, a curved top loop, and a small white square in the lower center."
d907bc994c744afd038f7bdd8e1b6cc1,A stylized icon depicting a book with an upward arrow inside it.
b4b86740ca1f1b94f64e12a31805941a,"The image consists of five horizontal gray lines of varying lengths, arranged vertically and spaced evenly."
a4505046b1476f0c056dd2a5f2d50e5f,A simple gray heart shape outline against a white background.
thesantatitan_deepseek-svg-dataset_0000669,Generate svg code for an image that looks like: a black background with a white and red flower. Don't use markdown just give svg code
0d023a70ccb244ddb37957856d357020,A simple blue house icon with a circular background.
77d1b3e5aafa26213a17a50e348a2a14,The image features a simple white circle with two smaller white circles as eyes and a curved line as a mouth against a black background.
480304d1813794757ea03b689a26e3c6,A simple black magnifying glass icon on a white background.
60372742fd10015e9215dca9917f651b,"The image displays two black rightward-pointing arrow symbols on a white background, positioned slightly apart from each other, with the second arrow aligned to the right of the first."
21710155389cd47c795b518a3b0b8de5,A dark blue circular background with a black question mark at its center.
d7b5a8761701fde714108908b207ffc9,"A black silhouette of a house icon with a triangular roof, a chimney, and a door, set against a white background."
402dd1d6c8a1a3c341dc453dead18b97,"The image shows a black outline of a rectangular object resembling a book or notebook, featuring two horizontal lines and a vertical line indicating a spine."
b068c6bc0dab328b6027ccd02d03b174,"The image features a single black outline of a cocktail glass with a curved stem, a circular base, and a small circular detail near the rim on the right side."
6cafe414afbff1122a96ac8f0a9ce893,"The image features a black rectangular shape with three vertical white rectangles aligned horizontally near the top center, set against a solid white background. The black shape has a protruding section at the bottom center, creating a visual connection to the lower part of the object."
ec89d045d7ac2c5bba7e3a7b7f2ecfe3,"A black geometric symbol composed of four curved segments arranged symmetrically around a central vertical line, forming a cross-like structure with semi-circular elements at each end, set against a white background."
25ed85dba28ae2d20a0d38f681d5a613,"A black pictogram of a house icon with a stylized Chinese yuan (Â¥) symbol centered inside it, set against a white background."
2e096cabf70630aa429df802aadee781,The image shows a black icon consisting of a stack of three rectangular shapes against a white background.
thesantatitan_deepseek-svg-dataset_0003106,Generate svg code for an image that looks like: the logo for the new york school of medicine. Don't use markdown just give svg code
a8a0ac74fb0e26c88d053271946e75f5,"The image features a purple square centered within a blue rectangular outline, with a curved blue line extending from the right side of the rectangle."
thesantatitan_deepseek-svg-dataset_0001432,Generate svg code for an image that looks like: beer mug with beer and coins. Don't use markdown just give svg code
72621a2124e5b0f27cab11a405fbd9d0,"The image consists of two red rectangular buildings with pink interiors, one larger and one smaller, positioned side by side on a white background."
3d5d85ea2a76724290395124ef144432,A stylized purple shape resembling a flame or abstract form within a circular outline.
08c13c16f4d8476b993b5784da3f12a3,A simple gray plus sign (+) centered on a white background.
e578c171a54f34c07c5b55bba5d61300,A simple blue smiley face icon with two dots for eyes and a curved line for a mouth.
b84924bd560d42becb4bde638d5a721f,"A black square frame contains a white inner rectangle, within which a large black dollar sign symbol ($) is centered, against a white background."
2391d53e06ffc3fb8fd335429b75ce9c,"A black outline of a rectangular shape containing two distinct internal features: a smaller square with a centered black dot positioned near the top right corner, and a horizontal black line located towards the bottom center of the rectangle. The entire design is set against a white background."
bd62059c6dddc7fc2566d415cdcf6b86,"The image features a black square icon with rounded corners, containing five white circular dots arranged in a grid pattern, with one dot missing from the center left position."
53c93380b8d336542d7d4d4fdd7e3df0,"A black symbol consisting of a leftward-pointing arrow, two horizontal lines, and a vertical line, all set against a completely white background."
06dac9a2b00ae93b160a9fd33ff275f1,The image shows a single black heart shape centered on a white background.
7dc444501e5eae3d56e2166fd6dbfdba,"The image features a single yellow star-like shape with irregular points, set against a white background."
aad6f0ae0528efb062bf9b084cf8fbbe,A simple icon depicting four horizontal bars stacked vertically.
bd1c691a8b93a5902b8e608009409b26,A teal square with an arrow pointing left inside it.
d46706e4afd71b39bf6c7715fac7ce49,"The image contains a single, stylized black symbol resembling the Chinese character 'ä¸' (xiÃ ), which means 'down,' placed against a plain white background."
3712aaefea588dcfcbe2c40a038c9024,A folder icon with a red 'X' indicating deletion or error.
26994bd1171078b92a9957f977eed87c,"The image consists of two black squares on the top row, a large black plus sign in the bottom left corner, and one black square on the bottom right, set against a white background."
c499d6062b8a598d6b5838d4792d7a41,"A black outlined square contains two horizontal black lines and a diagonal black slash crossing through it, set against a white background."
e7fa87cc7182de4add86460c905587df,"The image depicts a black silhouette of a classical building with a triangular roof, four vertical columns aligned horizontally, and two rectangular horizontal beams connecting them, set against a white background."
487f11a6f680d71ed8e1a90cf6e3e943,The image contains a single black Chinese character on a white background.
thesantatitan_deepseek-svg-dataset_0004275,Generate svg code for an image that looks like: the logo for the company. Don't use markdown just give svg code
4155430a-4529-49e0-aff0-19bc632a770a,A stylized icon of a microphone.
20986efd4f1d0ec5b9b56785d47d965e,A simple gray bookmark icon with two horizontal lines.
93bac8b8e5cfb84cfd53f337293f9775,A simple icon representing a folder with two dots inside it.
363d477f8036ac66e42ead865d12c9e8,"The image contains a black speaker icon with curved sound waves on the right side, set against a white background."
eeb810ad1f6d55ae95bd61cb3cf9d54b,"The image features a stylized, monochromatic logo composed of a dark brown square frame with an orange horizontal line at the top center and another below it, giving the appearance of a simplified equal sign or horizontal bars within the frame."
9eff1981af2d3adfdfa60004557b43a4,A simple gray line diagonally oriented against a white background.
87fc9ad6d0953f556f3f0d36a9e6abee,The image shows a dark blue circle containing a black plus sign (+) centered within it.
1cb3f7c5409a7bc41be0c8192a60cb97,"The image features a dark gray rectangular icon with rounded corners and a lighter gray horizontal stripe near the top, indicating a stylized representation of a card or wallet."
992e35eb052c94802ca82064711a49c9,"The image features a black symbol on a white background, consisting of a horizontal line intersected by two smaller horizontal lines at its center, resembling a stylized division or equation sign."
24b34f9251b33158b5fbb94a430cedaf,A black outline of a square window icon is shown against a white background.
af1e68518f76d8d893cd2eee9415c11d,The image features a dark blue outline of a simple building with a wavy roof and a door at the bottom.
thesantatitan_deepseek-svg-dataset_0000625,Generate svg code for an image that looks like: a black background with a white and red flower. Don't use markdown just give svg code
65f76990299ca74cd6deef0395202bbb,"The image shows a simple black outline of a door against a white background. The door has a vertical rectangular shape with a horizontal lintel at the top and a base at the bottom. On the right side of the door, there is a small black circular handle or knob located near the center."
5a414dc713e9d2967474bb9394789712,A single blue vertical rectangle is centrally positioned against a white background.
dc9937b7f8ac24ae5cfeb6292e174339,"The image features a teal camera icon on the left and a gray 'X' symbol on the right, both set against a white background."
cd1983cf12ee2015f55b6234a90ca5aa,"A blue rectangular icon with a smaller rectangle inside it, resembling a simplified representation of a television or monitor."
1b345ad059582af46300c46bb39ebd70,Three identical gray rectangles arranged horizontally with a white background.
6a6ca488-0ca7-43e0-be5e-3a4bd9d0950c,An open padlock.
f98e788a-cb5b-4f6d-a42f-88f10527d4f1,A black hexagon with rounded corners on a white background.
ab70b374f4f09f6f3702b0c6484597e5,"The image features a white refrigerator icon centered within a blue circular background, with a lighter blue gradient on the top left."
8972c992608f4a9abf73a5836aad48a7,A gray rectangle with a diagonal cross inside it.
f11f5c89bd20cd96350feee81112a947,The image shows a dark gray numeral '7' centered on a dark gray rectangular background.
28ebcd68a26c4a5c3627e0b387634a06,A black circular button with a white power symbol in the center.
819ecc751368a711d824b10b1b727ea2,"The image features a single white padlock icon centered within a black circular background. The padlock icon consists of a rectangular body with a curved top and a small horizontal bar at the top for the lock mechanism, all rendered in solid white against the contrasting black backdrop."
8f4d1acdfe3ae945e0d8048ad87bf299,"An illustration of a black padlock icon with a curved rectangular body, a vertical bar inside, and an arched shackle at the top, set against a white background."
5c7a342dd3688343a0e0962a2d7a74d0,The image shows a black icon of a stylized pencil with a pointed tip inside a black square border on a white background.
ef5081c497027006bd07735208bba911,"A black smartphone icon with rounded edges is displayed against a white background. The phone's screen is white and features a black circular icon resembling a loading symbol in the center. Below the screen, there is a single small white dot positioned near the bottom edge of the phone. The overall design is minimalist, with clean lines and contrasting colors."
0989e2d303186dcb44ec3d718f0d1d04,"The image shows a black outline of a rectangular shape with three circular dots arranged horizontally near the top and two horizontal lines near the bottom, all against a white background."
245d2a9c92b73bbd58c9e4e97f91b72b,A minimalist design featuring a heart symbol enclosed within a rounded square outline.
thesantatitan_deepseek-svg-dataset_0002089,Generate svg code for an image that looks like: a black background with a white and red flower. Don't use markdown just give svg code
7e2b0cf65f4bea635397c5c06288ac5d,"The image features a black outline of a rectangular envelope with a downward-pointing arrow shape inside it, set against a completely white background. The envelope has a flap at the top, and the arrow is centrally positioned within the rectangle, with its head pointing downwards towards the bottom corner of the envelope. The entire design is monochromatic, using only black lines on a pure white backdrop."
419c943e98115a522ce8d0ceed72e058,"The image features a single large black Chinese character 'ç«' (mÄo) centered within a white square background, occupying most of the space. The character is composed of bold, solid strokes with a clean, sans-serif style, and includes three distinct sections: a vertical stroke on the left, a horizontal and vertical combination in the middle, and two stacked squares on the right."
96d444b9e253870b0f9c681127a7a60c,A simple line drawing of a computer monitor with a base.
82bbbfbc5d7e8dcce562cb2f8ee1289e,A teal circular icon featuring a white microphone symbol.
78b1ba881f33cdc22e61cafd7a1b20a4,The image shows a gray power button icon with a circle enclosing a vertical line.
db82e3784a60c9c9f3db667cf53a7855,"A black magnifying glass icon on a white background, featuring a circular lens and a handle."
b81e1ec1740a7b11cd4821adf6dbe19b,A blue rectangular icon with three horizontal black lines aligned vertically in the center.
a1822f1e1e899bcaf1e5e3cecb02d7ca,A simple blue icon representing a trash can or bin.
db82a4a661507741ca0f6da7bdaee1c6,A grid with a red 'X' mark at the top left corner and a blue vertical bar in the center.
0d31244c36f30e28fe93b814641bc343,A simple line drawing of a floor lamp with a rectangular shade.
32c32e232654d64a03ef21e65f62578f,A simple illustration of a classic-style microphone with a rounded top and a stand.
thesantatitan_deepseek-svg-dataset_0000687,Generate svg code for an image that looks like: a bicycle with a yellow seat and black background. Don't use markdown just give svg code
76cd9ce8bd8c824e3ef75f4d114114d1,A simple icon depicting a contact or profile in a notebook.
dd6c00e847681e312f0bddc999e60693,A document icon with a bookmark and a stamp symbolizing official or formal documentation.
5b2c72f60d01bb99ae45460a3539acd3,A simple line drawing of a geometric shape resembling a trapezoid within a larger square.
c2b6cc5e1354c632e1f672d7eb30bc2e,"The image shows a simple black line drawing of two overlapping icons against a white background. The top icon has a circular head and a rounded body, while the bottom icon features a circular shape with a horizontal line through it, positioned below and slightly to the right of the first icon."
4f82c239dd7865d70480fa760082e950,"The image features a bright pink rectangular frame containing a white inner border, divided into four smaller square sections with a light pink fill."
38f572d88d5ffd17a89013711afd22c9,A minimalist icon featuring a square with a central sound wave design.
42efbb57f659a5d2ba4a12960936f87f,"A flag with a green field on the left and a white field on the right, featuring a red crescent moon and star."
0b79739fa4bcb122783788213c782721,"The image features a logo consisting of two distinct elements: a stylized blue 'E' inside a dark blue outlined square, and a yellow lowercase 'n' positioned to the right of the square."
c8c93c790f4af02010dc5ae4b7977186,A red magnifying glass icon with a document-like shape behind it.
c9515952342a43cf72b8a7727c194f03,"The image depicts a black folder icon with a paperclip symbol inside it, set against a white background."
e9bb9c99188432d39681c16f3932baa8,A stylized orange credit card icon with a white stripe and three lines on the bottom right.
93319c64-c2b3-4b7a-a210-e95e9831f06f,A round icon featuring a central asterisk symbol.
1b36f0fd37021a1d271d1e655ab88e91,A simple circular icon with a blue play button in the center.
b373d88e7addf0b42a6edb3236b0e013,A stylized black and blue syringe icon.
thesantatitan_deepseek-svg-dataset_0002725,Generate svg code for an image that looks like: a black background with a white and red flower. Don't use markdown just give svg code
ad7370692ccf45080b0313e775fdc09b,The image shows a black padlock icon in an unlocked state against a white background.
62bc19fa5c982a11799d408868ea7a34,A simple gray microphone icon with a classic design.
01f9378aa823a0f5ac3ea1b849437c06,"The image features a green rectangular outline with rounded corners, containing a horizontal line near the top and a circular dot near the bottom."
52807a64aeff6b3ee944dea2c504a8ae,"The image shows black text on a white background, partially displaying the letters 'abc'."
ebb8b5e83943b0f9350eb5ab7005cbb7,A minimalist design featuring a white checkmark over a grid pattern.
687dcd7afc538b8d02cb79732e11f704,"The image consists of concentric circular rings in varying shades of gray, with the largest outer ring being medium gray and progressively smaller inner circles in lighter gray, culminating in a small central dot."
80626a7fb98cd3cda8c4c0166a414151,A simple blue sun icon with radiating lines.
thesantatitan_deepseek-svg-dataset_0003439,Generate svg code for an image that looks like: a black background with a white and red flower. Don't use markdown just give svg code
41d36fbc527fc6d0970316cdf3b932b1,The image shows a single orange speech bubble or thought bubble against a white background.
35af79d442bd937fbe614fd6aaaaa12c,"The image depicts a cloud icon in black outline with a black upward-pointing arrow inside, suggesting an upload action."
034434f25044347627650b37c6ded315,A black circular shape with a white upward-pointing arrow inside it.
8cc54422f6df100049df0fa8b3297e7c,"The image shows a simplified graphic of a laptop with a blue screen, gray body, and a single gray button at the bottom center."
71ee158a22a6097284b46695521992a7,"A black rectangular icon with rounded corners features a large white downward-pointing arrow in the upper section, a curved white wave-like shape below the arrow, and a horizontal white line near the bottom against a white background."
thesantatitan_deepseek-svg-dataset_0001094,Generate svg code for an image that looks like: a woman standing behind a table full of fruit. Don't use markdown just give svg code
thesantatitan_deepseek-svg-dataset_0003906,Generate svg code for an image that looks like: a black background with a white and red flower. Don't use markdown just give svg code
81f0ef2e89e860a114af2d8a4d133baa,A black speech bubble icon with three black dots inside on a white background.
5042ffa79825e6f2e6cee4a274ba4f5b,The image features a gold circular icon with a white computer monitor design at its center.
53327e66189097b0ff9f7e70945735dc,"A simple, black-and-white icon of a sad face with large circular eyes and a straight line mouth, enclosed within a rectangular border."
b360fa0926a8b1957b1f26088fe97853,The image features a black camera viewfinder icon with a circular lens on a white background.
6bc65b1d3307d18e1f92706020aa894b,"A black question mark is centrally placed inside a solid black circle against a white background, with the question mark's loop positioned slightly above the center of the circle and its dot below the loop."
90abc2f690f333e847fe3eb62fdef1a2,A gray arrow pointing to the left is positioned against a white background.
thesantatitan_deepseek-svg-dataset_0003980,Generate svg code for an image that looks like: a black background with a white and red flower. Don't use markdown just give svg code
1caebe7cd161b7e3bf1035a31da0b4ef,"A black rectangle with white rectangular sections and dots, outlined by a rounded white border."
ff14e5ee37528d960a1d1bbb4df6f6af,The image contains a black circular logo or icon on a white background.
87cde794689a999ad40b40ef03f88eba,A simple icon featuring a lowercase 'i' inside a circle.
f6a0318b5669d8be1abf0fb0a67b3b3b,"The image features a black speaker icon with a crossed-out symbol, positioned against a white background. The speaker is triangular with a rectangular base, and the 'X' mark overlays it diagonally, indicating that sound is muted or disabled."
2aa7a54fbec708d1adaa9f64f3da1336,"The image features a dark gray circular outline with a red inner circle at the center, surrounded by a decorative gray pattern resembling a ribbon or badge."
f3a0e52f983b046e6f352e38d7089225,A stacked square icon with three layers.
4af3c9ce4fd62efbbf0160a76f037b8d,The image features a combination of black lines forming a list-like structure on the left and a magnifying glass icon on the right against a white background.
63b3422cb2fe74e70f8e15f723077655,"The image features a blue circular arrow with an orange triangle pointing inward, forming a continuous loop design."
9ee3b1227a90cc9040d89e482e25e68a,"The image features a large teal circle with a smaller black circle centered within it, both set against a white background."
2c381c4126788a6b95c9150dc3a8a3d7,A simple black-and-white icon depicting a rectangular shape with a wavy top edge and a horizontal line near the bottom.
31ad93a7cf6591716bbc0ce785f8bb71,"The image shows a black and white icon of a calendar with horizontal lines and a header, all outlined with bold black strokes."
22e173a9-bc71-4d0d-84cf-1142060333ce,A blue light bulb with a single stripe.
dc5100694058a72a945a134e15530f0b,"The image features black uppercase and lowercase letters 'A' and 'a' centered against a white background, with the uppercase letter positioned to the left of the lowercase letter."
488042cf6eaa01e7845139e79a38e9fe,The image features a black circular outline containing a black currency symbol resembling the Japanese Yen (Â¥) in the center.
f9e624c0e186b0e0f75887c3e2131df1,"A black circular outline containing a single black left-pointing arrow at its center, set against a white background."
156591ee09bef9ff296a7fa6fa8354bb,A black five-pointed star is centered on a white background.
ed06fe4128c3e2b58109abdb2ba0d381,A stylized blue book icon with a star emblem on its cover.
ce3b6c429f39d502344ac6f7735f723e,"The image depicts a blue square icon with rounded corners, containing a black plus sign in the top center and a blue pen-like shape on the right side."
36489f49-310a-4c51-9f7d-0eab2ac0b3fe,A black logo resembling two stylized arrows pointing upwards and outwards.
c99a30ba9fd7fe64b935520102f66626,The image contains a gray icon featuring a star and an upward arrow inside a rounded square border.
a130002a99cc3648a24d412c456afdca,A stylized icon representing a currency exchange or payment terminal with a yen symbol.
c200cf487f7ddd974f2127c14a34e1b9,A floppy disk icon with a yellow background.
2b0cbea4570e361ff815e3f0fac0eabf,A simple gray arrow pointing to the right.
afe1611033a8ca58d13f71d60ea94f51,"The image features one large black rounded shape positioned centrally, with a smaller black semicircular shape below it, set against a completely white background."
cc76666c917bf608001d455150620f4d,"The image shows a stylized icon of a dark blue building with horizontal lines and a smaller vertical element on its right side, all set against a white background."
c40d10c549c1c80692ed3629d2cb9a27,"A green gift box icon with white details, featuring a ribbon on top, two white rectangles on the front, and a white section at the top."
28ef351b939259e4a6be864f5ca72123,"A black icon featuring three horizontal lines within a rectangular frame, all set against a white background."
ebcc1d50efe24a33abcd202b06d14e8a,The image shows a single black curved arrow pointing to the top right corner against a white background.
8feeaa885467f110de10a96773217f01,"A black-and-white illustration of Android's mascot, featuring a round head with two antenna-like structures on top, a horizontal line for the mouth, and a single dot for the eye."
6080026eb9cb1f3a9b1aadc079cf11c2,A black rectangular frame contains two white clock hands positioned at different angles within the center of the frame.
d4d9c2dc33c69955435c18bcd8714270,"Two arrows pointing in opposite directions, one to the right and one to the left."
ee8222e02bb32ce069918af785689b44,"A black circular outline contains a single black arrow pointing to the right, positioned centrally within the circle against a white background."
ea4ce6666c1d1e7fb21039f2e08dc3d9,A dark gray rounded square icon containing a filled arrow pointing left.
fde503da257b1af7293476a5590212d9,A minimalist circular icon with three curved lines intersecting within it.
2ba4c37562d2e2bffb8a0e02a2efac75,"An image features a black rectangular frame surrounding a white square, which contains two black circular shapes resembling eyes, each with a smaller white circle inside representing pupils. The right eye has a partial white triangle extending from its pupil, giving it an asymmetrical appearance."
41b38cf515cab74b8ccd839f826c2fa6,A stylized icon depicting a document with a downward arrow indicating download or sharing.
66eec18f9c8a1b693aab52c1eb617116,"The image shows a dark blue rectangular block with three horizontal white lines positioned near the center, against a plain white background."
df01fd16ec344d444235519b71c8c738,"An orange rectangular object with three horizontal lines inside it, accompanied by a smaller beige rectangle."
6cd2ff67e8c40d994115dc735aab04ab,"A black speech bubble icon with two white horizontal lines inside it, positioned centrally within a transparent background. The speech bubble has rounded edges, with one side curving towards the bottom right, suggesting an open end for speech or commentary."
9ad34e074349bc67029395238ce85ab5,The image shows a black question mark inside a black speech bubble with a pointed arrow on the right side against a white background.
11c1b206357e957e417b6fb820eb7ad0,A simple diagram representing a hierarchical structure with a central node connected to two other nodes.
5839a574d74b7f3cc7a7c48528f3cf2f,"The image shows three black, elongated, trapezoidal shapes arranged vertically, with two shapes positioned below and slightly offset from a third shape above them against a white background."
388ccc7936d31aaba4cecbff344ceb78,A minimalist spiral design with concentric curves in a light gray color.
ca2d3a6439b3cea6f1c633f719b13189,"The image contains a black rectangular shape with a white outline, featuring the white text 'AD' centered within it. Below the rectangle, there is a separate horizontal white line."
0a91f876f6c2294c12c2213f23830a4f,A simple black-and-white icon depicting an open padlock.
fa5c275c8505741224c926183f9170d7,A blue icon featuring a square with an upward arrow inside it.
291895a6f3bc0900648190cdfd70ffd6,The image features a black circular outline containing a white arrow pointing to the left.
7f5c6d9dd30f78f550c707acc5c17689,The image consists of an orange paperclip-shaped symbol centered within a light gray circular border against a black background.
d217ec5e54247f554658c0b55c0f7b88,The image shows a black circular arrow symbol with two arrowheads pointing in opposite directions on a white background.
3b35b6161536c913c2e925688e6e1909,"The image features a black icon with a white background. The icon consists of a rectangular shape with curved edges, containing a black star symbol at the top center and three horizontal black lines below it, resembling a simplified interface or menu design."
7b26043f0d13cda39371e4b339ebadf7,The image shows a stylized blue and purple suitcase icon with a handle at the top and a buckle-like detail in the center.
2179a3741a0ab1aa7c2d4662936b290c,"The image features a single black outline of an abstract human figure against a white background. The figure consists of a circular head and a rounded body, with no additional details or facial features."
d0316313-c830-4f01-9e3c-75e383512aa8,"A graphic icon resembling a location marker, often used to pinpoint a specific location on a map."
bef3b5702afe02ec752caa10c598f0fb,"The image contains a single black symbol resembling a stylized letter 'P' or a mathematical operator, centered on a white background."
8d9a73f5da5369b5ee2483cb71f2a498,A stylized logo featuring concentric arcs with a central 'i' shape.
7884ebaf59a1407a0d842e8fedb04ac6,Four gray L-shaped icons arranged in a 2x2 grid.
7a48e2e3e1cfc84084ee88f328768326,"The image features a single black geometric shape against a white background, composed of three distinct sections: an upper horizontal rectangle, a central vertical line, and a lower horizontal rectangle, connected by a zigzag pattern forming a stylized digit '7'."
9c33cfa86000008f09d0d07bc3a8867e,The image shows a simplified gray house icon with a dollar sign ($) centered inside it.
36a35cdca1a41057186eae176e77f782,A black flag icon is depicted inside a black square border on a white background.
2fe46e535a6daafd0ccf76ff1632c924,"The image depicts a black outline of a computer monitor with a wavy graph displayed on its screen. The monitor has a curved top edge and a flat bottom edge with a small horizontal line indicating the stand. Inside the screen, there is a single upward-trending wavy line, symbolizing a graph or chart. The background is entirely white."
e2f14b4772c54eab79d94ddd1086d4a8,A simple flag with a red circle centered on a white background.
c77bfcff2ef267f1687ee338811418a7,"The image shows a black outline of a rounded square shape containing a large black checkmark centered inside it. The background is completely white, creating a stark contrast with the black elements."
11de9db4bf6f7c89ccef2e8f5255f940,"A simple, stylized illustration of an orange pumpkin with a green stem."
31007fcfb3d29b96482936fef1627474,A blue circular shape with a yellow exclamation mark inside it.
bfea09a06494a8d5c375a442159b9711,"The image features a dark blue graphical icon consisting of a rectangular frame enclosing a wavy line that resembles an 'M' shape, with a circular dot positioned near the top right corner inside the frame."
9a44d8309fefe366bdfcf6dfe228d580,"A black clock-like symbol featuring a bold, rounded circle enclosing a single thick black line shaped like a 'J', positioned centrally within the circle against a white background."
e86ce2a192773fe0c96294a8e10623c4,"A black icon featuring a rectangular device with three circular indicators at the bottom, topped by three curved lines representing wireless connectivity, all set against a white background."
e77f70272bee4c42cfa1e4764dde6c86,A simple icon depicting three interconnected circles forming a triangular shape.
2431467e520986551714b65e3ab50e3b,The image shows a thick black circular outline on a white background.
e3ff37b0428b939fe5e6d2206eb44c50,Three pink circles arranged in an equilateral triangle pattern.
281f7a7bbedcc3dabe56c34309ce0bf7,A gray rectangular icon with a black video camera symbol featuring a circular lens and a triangular viewfinder.
3f93cf9a13f935ddbe2ca7a3a4ecaf44,"A dark blue circular logo featuring two smaller concentric circles with a stylized line and two dots, positioned centrally against a white background."
73dc2a469ca2158870c301e1659e5cb3,"A simple black outline of a house icon with a triangular roof, rectangular body, and a rectangular door centered at the bottom."
55b63de07f0b268ffa77a8b03658e48a,"The image consists of a black outline of concentric circles and a vertical line, all set against a white background."
d755512b6a9f00a406ea8e3f270d047c,"A blue speech bubble icon with three blue dots inside, set against a white background."
thesantatitan_deepseek-svg-dataset_0001383,Generate svg code for an image that looks like: a black background with a white and red flower. Don't use markdown just give svg code
259272d045228e1454dc73f20e4b21fe,The image features a black circular target with concentric circles at its center and four black arrows pointing outward from the circle's perimeter against a white background.
92d0bad60d4a2ea751692cd033980c49,A blue bell icon with a minus sign inside it.
8eedb7c0c6e1a7dc6478a6d5bfcf13cc,A stylized icon of an open menu with a green tray symbol.
thesantatitan_deepseek-svg-dataset_0000091,Generate svg code for an image that looks like: a black background with a white and red flower. Don't use markdown just give svg code
3e5411b8d69c89782f4bed8961cff046,"A black icon featuring a rectangular shape with rounded corners, containing four plus symbols in the upper section and a horizontal bar at the bottom."
c71073a4a5707759d10e007d44fc4387,"The image contains three horizontal rectangular bars of varying shades of gray, evenly spaced against a black background."
c77776e9794164682f323900334bba75,"The image shows a simple black silhouette of an open padlock against a white background. The padlock consists of two rectangular sections connected by a thin horizontal line, with curved tops that represent the locking mechanism. The overall design is minimalistic and symmetrical, with each side mirroring the other."
1bf29e037aafe2ae08195dbdbf2faf76,"The image features a single black lowercase letter 'f' centered against a white background, with the vertical stem extending from top to bottom and the horizontal crossbar positioned near the middle of the letter's ascent."
3165710c4ec1bc05e3bab203b84cfc31,A simple illustration of a trash can with a lid.
5c56c8e83a28b416d34f93edcf423b25,A simple icon representing a PDF file with a document shape and the letters 'PDF' below it.
a2d1bf0ffbd0fc75ac9844c67e3ac8a1,A simple line drawing of a bookmark with three horizontal lines and a wavy bottom edge.
a7bf945e602c0ee30df2488e8345a73a,A purple circular background with a yellow checkmark in the center.
33fc6704fa8896c6226925a5469d178a,A geometric pattern with yellow squares and blue outlines arranged in a grid-like structure.
c139a8b29b9859968a91b1bf01398bf3,"A black right-angle arrow pointing to the bottom-left, consisting of two perpendicular lines forming an L-shape."
67051f49ec5c07a61b227364e6407bab,"The image features a black outline of an eye shape against a white background. Within the eye shape, there is a larger black circle representing the iris, and inside it, a smaller white circle indicating the pupil. The overall design is simple, with no additional decorative elements or textures."
a098e1a674bcd08173931539cdba2d10,"A black rectangular icon depicting a monitor or screen with a white interior containing a black play button symbol, positioned centrally. The monitor has a small black stand extending downward from its bottom center, set against a completely transparent background."
3934bc76774295fc899af45abad83f8e,"The image shows a black square with rounded corners containing a white graphic of an open wallet with a snap button, centrally positioned within the square."
1c903cbbe8b92e6292611cdedfaf2554,The image features a simple icon with a dark brown plus sign enclosed within a dark brown square outline.
79bf8d9f20dc1cf8c3e934fccd65d8bb,"The image features a single black exclamation mark icon centered within a black circular border, set against a solid white background."
d645058c-a13b-4037-b678-4f552dda7902,The image is a plain black and white depiction of a brain.
b297a98b4fec85cf14ebd7c76650692f,"The image features a single, solid black rounded square centered against a white background."
ce65b6073bc13c7c49a3de3f8d4147ba,A green circular logo with a stylized letter 'H' inside it.
ed20e4cd7376531538942d2c48d3e4c8,"The image shows a simple structure with two vertical yellow poles and a horizontal black bar connecting them, resembling a goalpost or gate."
7dfad4292120247d624b6c854606c3ed,The image contains a black play button icon centered within a black rectangular frame on a white background.
f29bedbca87ea81a32b7792bfb63bf70,"A black square icon with rounded corners contains three horizontal white lines and three vertically aligned white circles to the left, set against a white background."
2ef74dcb56fec9cdb65f886d48e907aa,"A gray calculator icon with six circular buttons arranged in two rows, set against a white background."
905bf352882bf4051f047c7f34f80e06,"The image features a black geometric symbol composed of two stacked, irregular shapes against a white background."
b1df9406fc801aedf807c6b3dd282aed,"A red 'N' is divided by a blue diagonal line from bottom left to top right, intersecting with a blue 'L' at the bottom right."
ede6185e98b9c61569d2bb4c2d613a59,The image contains two horizontal orange lines of equal length positioned one above the other against a black background.
01e2bc534c3fe6195e9cdcbebc49e990,The image features an orange link icon enclosed within a gray square border.
6a2de049d0e5858fc8d4ac06c2e11f41,The image shows a black plus sign (+) on a white background.
c94c91661e9e7cf9d51a2ef866f747d9,A blue icon featuring an upward-pointing arrow enclosed within a partially outlined rectangle.
469010d65001bd0134ab971ebed57e19,"The image features a black rectangular shape with rounded corners, containing four white circular dots arranged in two vertical pairs. The dots are evenly spaced within the rectangle, creating a symmetrical design. The background is completely white, emphasizing the contrast between the black shape and the white dots."
337ef2a9-d933-4e5e-9f79-785fc00a6a2d,A stylized icon of an identification card with a person's silhouette and a barcode.
d52c96d48100ec4c181562ed38706c06,"The image shows a black square outline containing a stylized lowercase 'y' in the center, also in black, against a white background."
2e8f72965f63940764ff38841b0a9270,"The image features a black square outline containing a white inner square. Within the white square, there is a concentric circle design consisting of three black circular outlines of varying sizes, centered near the upper middle part of the inner square. Below the circles, there is a horizontal black line segment positioned at the bottom center of the white square."
d31eddc34316ae6f635e74dc1f04feb2,"A black icon featuring a square frame with a pointing arrow inside it, set against a white background."
d72fbbaa676efc3bbf4acd6755764b2b,A simple black microphone icon on a white background.
966cde599200ecd9eb6b13b1d79669f0,"The image features two gray triangular shapes pointing to the left, positioned side by side against a white background."
fbd82d1810836b13f7f4d4f9c2d3955f,A stylized robot with two eyes and mechanical arms is depicted against a purple background.
71e844325ba2a61a19a0bbc2bbc1de9d,A simple pink camera icon with a blue outline and a white lens.
thesantatitan_deepseek-svg-dataset_0001861,Generate svg code for an image that looks like: a black background with a white and red flower. Don't use markdown just give svg code
9dfcadfbe77e3a9d344fa097e4011604,A black triangular warning sign with an exclamation mark inside it.
460970e97a0b99580b580b281a8cdfec,"The image features a black line drawing consisting of two concentric arcs forming a partial circular shape at the top, with a solid black triangle positioned below it. The entire design is set against a white background."
aef27254394502ec4f6ee6a1a33f792d,The image consists of four gray abstract shapes arranged in a 2x2 grid pattern.
f94696acd9611124d18e698ea470ec87,A black star shape is positioned centrally on a completely dark background.
thesantatitan_deepseek-svg-dataset_0000834,Generate svg code for an image that looks like: the logo for the new logo for the new logo. Don't use markdown just give svg code
53080b81994859ccab1868b3112d4ecf,"A black outline of an irregular shape resembling a downward-pointing arrow with rounded edges, set against a white background."
a3d61defc645633b80ed8e138723ed53,A minimalist purple icon depicting a building with a rectangular structure and a smaller rectangle inside it.
8920d6b6-6849-4b3e-abe9-a367a192dece,A question mark is enclosed in a circle.
c3f57d7a317d8718fd68ae4e98529616,"The image shows a pie chart or partial circle with a turquoise interior and a dark brown border, featuring one prominent white line segment extending from the center to the edge."
2c76d7441a10f524ef326b042b097306,"A black icon featuring a stylized document with three horizontal black lines representing text, contained within a larger black border that gives the appearance of a tilted rectangle against a white background."
4f1015a98aa9e51b1d2e67e949839841,A minimalist circuit diagram icon with interconnected nodes within a square frame.
47af911fcf29bf61fdf8ea81ef955d3b,"The image features a dark blue icon consisting of a stylized circle and an arrow-like shape, with the arrow pointing to the upper right."
9fe2535b5fbcbfae159f688d4020aebe,"A set of three horizontal lines with small circles at their ends, resembling a simple slider or adjustment interface."
e105c7946f35f0183b584184b94257ef,The image consists of a black outline drawing of a house-like structure on a white background.
ee2648b55e124267dd840bf2e7216da8,"The image features a black Euro symbol (â¬) on the left, combined with a black arrow pointing to the left positioned on the right side of the symbol. The entire design is set against a white background, with no other elements present."
